,District Code,Agency Name,Black,Hispanic,White,Asian or Pacific Islander,American Indian/Alaska Native,Hawaiian Native/Pacific Islander,Two or More Races,Total Enrollment,Total Revenue,Revenue per student
0,64212,ABC UNIFIED,1791.0,9425.0,1302.0,7459.0,63.0,158.0,524.0,20722.0,226251000.0,10918.4
1,61630,ACALANES UNION HIGH,95.0,508.0,3622.0,850.0,9.0,16.0,402.0,5502.0,37710000.0,6853.87
2,66761,ACKERMAN CHARTER,4.0,74.0,460.0,9.0,2.0,0.0,37.0,586.0,4410000.0,7525.6
3,75309,ACTON-AGUA DULCE UNIFIED,705.0,3466.0,4199.0,536.0,36.0,18.0,1040.0,10000.0,29983000.0,2998.3
4,67587,ADELANTO ELEMENTARY,2156.0,6327.0,1010.0,139.0,35.0,88.0,517.0,10272.0,120023000.0,11684.48
5,10017,ALAMEDA COUNTY OFFICE OF EDUCATION,543.0,1581.0,209.0,263.0,16.0,33.0,225.0,2870.0,55795000.0,19440.77
6,61119,ALAMEDA UNIFIED,924.0,1897.0,3292.0,3722.0,33.0,85.0,1206.0,11159.0,96642000.0,8660.45
7,61127,ALBANY CITY UNIFIED,117.0,603.0,1368.0,1080.0,5.0,7.0,522.0,3702.0,58211000.0,15724.2
8,70599,ALEXANDER VALLEY UNION ELEMENTARY,1.0,48.0,80.0,0.0,0.0,0.0,1.0,130.0,1123000.0,8638.46
9,75713,ALHAMBRA UNIFIED,112.0,7071.0,349.0,9084.0,33.0,16.0,406.0,17071.0,250138000.0,14652.8
10,65961,ALISAL UNION,34.0,8414.0,117.0,131.0,4.0,18.0,517.0,9235.0,109541000.0,11861.51
11,71795,ALLENSWORTH ELEMENTARY,1.0,77.0,0.0,0.0,0.0,0.0,0.0,78.0,1105000.0,14166.67
12,71803,ALPAUGH UNIFIED,16.0,501.0,213.0,15.0,4.0,0.0,44.0,793.0,5021000.0,6331.65
13,61333,ALPINE COUNTY UNIFIED,0.0,4.0,42.0,0.0,32.0,0.0,2.0,80.0,1714000.0,21425.0
14,67967,ALPINE UNION ELEMENTARY,37.0,400.0,1111.0,35.0,81.0,7.0,74.0,1745.0,13433000.0,7697.99
15,67595,ALTA LOMA ELEMENTARY,381.0,2676.0,2281.0,501.0,31.0,28.0,90.0,5988.0,55109000.0,9203.24
16,71811,ALTA VISTA ELEMENTARY,0.0,449.0,76.0,5.0,4.0,19.0,2.0,555.0,7103000.0,12798.2
17,66779,ALTA-DUTCH FLAT UNION ELEMENTARY,0.0,6.0,91.0,1.0,1.0,0.0,5.0,104.0,794000.0,7634.62
18,69369,ALUM ROCK UNION ELEMENTARY,156.0,9154.0,194.0,1868.0,21.0,97.0,134.0,11624.0,113219000.0,9740.11
19,65177,ALVIEW-DAIRYLAND UNION ELEMENTARY,0.0,213.0,156.0,10.0,1.0,0.0,1.0,381.0,3352000.0,8797.9
20,61994,ALVINA ELEMENTARY,0.0,154.0,24.0,1.0,2.0,1.0,0.0,182.0,1769000.0,9719.78
21,66977,ALVORD UNIFIED,720.0,15161.0,2034.0,949.0,40.0,85.0,245.0,19234.0,222608000.0,11573.67
22,10033,AMADOR COUNTY OFFICE OF EDUCATION,0.0,51.0,143.0,0.0,9.0,0.0,19.0,222.0,12859000.0,57923.42
23,73981,AMADOR COUNTY UNIFIED,23.0,780.0,2652.0,54.0,101.0,9.0,245.0,3864.0,17515000.0,4532.87
24,66423,ANAHEIM ELEMENTARY,265.0,15961.0,873.0,1046.0,18.0,67.0,328.0,18558.0,164715000.0,8875.69
25,66431,ANAHEIM UNION HIGH,716.0,20555.0,3135.0,5287.0,145.0,167.0,726.0,30731.0,349807000.0,11382.87
26,69856,ANDERSON UNION HIGH,30.0,293.0,1274.0,49.0,104.0,10.0,52.0,1812.0,17738000.0,9789.18
27,65540,ANDERSON VALLEY UNIFIED,5.0,384.0,110.0,1.0,4.0,0.0,3.0,507.0,6682000.0,13179.49
28,71472,ANTELOPE ELEMENTARY,9.0,187.0,568.0,11.0,16.0,1.0,24.0,816.0,7755000.0,9503.68
29,64246,ANTELOPE VALLEY UNION HIGH,4207.0,14647.0,3260.0,628.0,77.0,46.0,1030.0,23895.0,288343000.0,12067.09
30,61648,ANTIOCH UNIFIED,4333.0,7533.0,2623.0,1630.0,104.0,214.0,889.0,17326.0,167684000.0,9678.17
31,75077,APPLE VALLEY UNIFIED,1287.0,6520.0,5718.0,424.0,58.0,72.0,291.0,14370.0,140868000.0,9802.92
32,64261,ARCADIA UNIFIED,170.0,1380.0,1290.0,6483.0,12.0,8.0,182.0,9525.0,77631000.0,8150.24
33,62679,ARCATA ELEMENTARY,13.0,159.0,715.0,19.0,34.0,3.0,121.0,1064.0,11841000.0,11128.76
34,67280,ARCOHE UNION ELEMENTARY,12.0,204.0,198.0,7.0,5.0,2.0,23.0,451.0,4052000.0,8984.48
35,65557,ARENA UNION ELEMENTARY,0.0,154.0,113.0,0.0,28.0,0.0,18.0,313.0,0.0,0.0
36,63875,ARMONA UNION ELEMENTARY,54.0,1051.0,348.0,22.0,27.0,2.0,38.0,1542.0,14613000.0,9476.65
37,63313,ARVIN UNION,16.0,2902.0,95.0,7.0,5.0,0.0,3.0,3028.0,40148000.0,13258.92
38,68700,ATASCADERO UNIFIED,64.0,1288.0,2983.0,108.0,47.0,5.0,132.0,4627.0,28220000.0,6098.98
39,65631,ATWATER ELEMENTARY,113.0,3511.0,969.0,218.0,35.0,13.0,105.0,4964.0,60592000.0,12206.29
40,66787,AUBURN UNION ELEMENTARY,28.0,626.0,1209.0,49.0,21.0,2.0,100.0,2035.0,15804000.0,7766.09
41,64279,AZUSA UNIFIED,116.0,8073.0,296.0,184.0,19.0,1.0,56.0,8745.0,115452000.0,13202.06
42,73858,BAKER VALLEY UNIFIED,0.0,110.0,14.0,0.0,0.0,0.0,0.0,124.0,964000.0,7774.19
43,63321,BAKERSFIELD CITY,2422.0,23959.0,2899.0,368.0,150.0,37.0,537.0,30372.0,380895000.0,12540.99
44,64287,BALDWIN PARK UNIFIED,564.0,14575.0,577.0,1049.0,230.0,41.0,697.0,17733.0,200607000.0,11312.64
45,69104,BALLARD ELEMENTARY,1.0,18.0,105.0,3.0,0.0,0.0,2.0,129.0,640000.0,4961.24
46,65649,BALLICO-CRESSEY ELEMENTARY,5.0,211.0,104.0,11.0,3.0,0.0,39.0,373.0,3684000.0,9876.68
47,61382,BANGOR UNION ELEMENTARY,0.0,13.0,67.0,0.0,4.0,0.0,3.0,87.0,1125000.0,12931.03
48,66985,BANNING UNIFIED,365.0,3072.0,580.0,249.0,128.0,7.0,140.0,4541.0,53443000.0,11768.99
49,68486,BANTA ELEMENTARY,23.0,357.0,169.0,177.0,0.0,4.0,40.0,770.0,7016000.0,9111.69
50,67611,BARSTOW UNIFIED,1106.0,3212.0,1287.0,89.0,68.0,71.0,321.0,6154.0,78476000.0,12752.03
51,65185,BASS LAKE JOINT UNION ELEMENTARY,5.0,162.0,657.0,19.0,17.0,1.0,30.0,891.0,5251000.0,5893.38
52,64295,BASSETT UNIFIED,28.0,3444.0,42.0,166.0,6.0,3.0,0.0,3689.0,53525000.0,14509.35
53,68858,BAYSHORE ELEMENTARY,15.0,158.0,10.0,152.0,0.0,19.0,14.0,368.0,28589000.0,77687.5
54,67637,BEAR VALLEY UNIFIED,20.0,876.0,1510.0,26.0,10.0,3.0,78.0,2523.0,21245000.0,8420.53
55,63339,BEARDSLEY ELEMENTARY,58.0,690.0,923.0,6.0,7.0,0.0,126.0,1810.0,18130000.0,10016.57
56,66993,BEAUMONT UNIFIED,627.0,5174.0,3226.0,542.0,91.0,30.0,285.0,9975.0,98646000.0,9889.32
57,69872,BELLA VISTA ELEMENTARY,7.0,39.0,275.0,11.0,17.0,1.0,11.0,361.0,3281000.0,9088.64
58,72306,BELLEVIEW ELEMENTARY,5.0,32.0,100.0,1.0,2.0,3.0,4.0,147.0,1487000.0,10115.65
59,70615,BELLEVUE UNION,29.0,1585.0,179.0,61.0,17.0,1.0,23.0,1895.0,18680000.0,9857.52
60,64303,BELLFLOWER UNIFIED,1604.0,7928.0,1274.0,1035.0,59.0,96.0,301.0,12297.0,135823000.0,11045.21
61,68866,BELMONT-REDWOOD SHORES ELEMENTARY,71.0,500.0,1797.0,1286.0,6.0,34.0,536.0,4230.0,26884000.0,6355.56
62,63347,BELRIDGE ELEMENTARY,0.0,32.0,0.0,0.0,0.0,0.0,0.0,32.0,390000.0,12187.5
63,70524,BENICIA UNIFIED,383.0,907.0,2239.0,599.0,21.0,15.0,689.0,4853.0,35896000.0,7396.66
64,70623,BENNETT VALLEY UNION ELEMENTARY,23.0,220.0,666.0,48.0,4.0,9.0,65.0,1035.0,6105000.0,5898.55
65,61143,BERKELEY UNIFIED,1667.0,2473.0,3868.0,814.0,16.0,22.0,1378.0,10238.0,122851000.0,11999.51
66,69377,BERRYESSA UNION ELEMENTARY,129.0,1719.0,381.0,4640.0,3.0,46.0,378.0,7296.0,57336000.0,7858.55
67,64311,BEVERLY HILLS UNIFIED,111.0,319.0,2923.0,499.0,8.0,10.0,153.0,4023.0,34713000.0,8628.64
68,62026,BIG CREEK ELEMENTARY,0.0,15.0,39.0,0.0,0.0,0.0,1.0,55.0,630000.0,11454.55
69,62695,BIG LAGOON UNION ELEMENTARY,0.0,4.0,8.0,0.0,4.0,0.0,2.0,18.0,414000.0,23000.0
70,75184,BIG OAK FLAT-GROVELAND UNIFIED,5.0,48.0,236.0,3.0,4.0,0.0,6.0,302.0,1603000.0,5307.95
71,63248,BIG PINE UNIFIED,0.0,36.0,40.0,1.0,76.0,1.0,17.0,171.0,1650000.0,9649.12
72,70185,BIG SPRINGS UNION ELEMENTARY,1.0,34.0,121.0,5.0,3.0,0.0,15.0,179.0,1815000.0,10139.66
73,75150,BIG SUR UNIFIED,0.0,26.0,67.0,2.0,0.0,1.0,13.0,109.0,1551000.0,14229.36
74,64089,BIG VALLEY JOINT UNIFIED,0.0,21.0,118.0,0.0,8.0,0.0,0.0,147.0,1595000.0,10850.34
75,61408,BIGGS UNIFIED,13.0,231.0,348.0,13.0,5.0,2.0,5.0,617.0,6067000.0,9833.06
76,76687,BISHOP UNIFIED,9.0,714.0,734.0,23.0,279.0,0.0,131.0,1890.0,11530000.0,6100.53
77,67454,BITTERWATER-TULLY ELEMENTARY,0.0,11.0,21.0,0.0,0.0,0.0,0.0,32.0,359000.0,11218.75
78,69880,BLACK BUTTE UNION ELEMENTARY,2.0,22.0,162.0,2.0,12.0,2.0,11.0,213.0,1489000.0,6990.61
79,73783,BLACK OAK MINE UNIFIED,6.0,118.0,1067.0,11.0,29.0,0.0,22.0,1253.0,9424000.0,7521.15
80,63354,BLAKE ELEMENTARY,0.0,4.0,7.0,0.0,0.0,0.0,0.0,11.0,215000.0,19545.45
81,69112,BLOCHMAN UNION ELEMENTARY,15.0,326.0,814.0,18.0,8.0,5.0,91.0,1277.0,2426000.0,1899.77
82,62703,BLUE LAKE UNION ELEMENTARY,1.0,20.0,95.0,0.0,13.0,0.0,40.0,169.0,1730000.0,10236.69
83,70193,BOGUS ELEMENTARY,0.0,0.0,14.0,0.0,0.0,0.0,6.0,20.0,212000.0,10600.0
84,65300,BOLINAS-STINSON UNION,1.0,20.0,52.0,2.0,0.0,0.0,10.0,85.0,1733000.0,20388.24
85,64329,BONITA UNIFIED,313.0,5202.0,2976.0,830.0,23.0,17.0,866.0,10227.0,96722000.0,9457.51
86,69732,BONNY DOON UNION ELEMENTARY,0.0,5.0,152.0,3.0,2.0,0.0,1.0,163.0,744000.0,4564.42
87,76851,BONSALL UNIFIED,56.0,932.0,1360.0,135.0,153.0,11.0,212.0,2859.0,19562000.0,6842.25
88,67983,BORREGO SPRINGS UNIFIED,34.0,704.0,113.0,6.0,4.0,5.0,20.0,886.0,11453000.0,12926.64
89,65979,BRADLEY UNION ELEMENTARY,3.0,53.0,131.0,6.0,5.0,0.0,16.0,214.0,984000.0,4598.13
90,63073,BRAWLEY ELEMENTARY,34.0,3794.0,143.0,16.0,1.0,1.0,3.0,3992.0,48581000.0,12169.59
91,63081,BRAWLEY UNION HIGH,21.0,1650.0,152.0,15.0,1.0,2.0,5.0,1846.0,23161000.0,12546.59
92,66449,BREA-OLINDA UNIFIED,96.0,2150.0,1972.0,1477.0,10.0,26.0,178.0,5909.0,33795000.0,5719.24
93,61655,BRENTWOOD UNION ELEMENTARY,639.0,2719.0,3812.0,983.0,29.0,59.0,676.0,8917.0,75006000.0,8411.57
94,61556,BRET HARTE UNION HIGH,0.0,138.0,497.0,13.0,10.0,0.0,38.0,696.0,2958000.0,4250.0
95,62729,BRIDGEVILLE ELEMENTARY,0.0,2.0,20.0,0.0,0.0,0.0,3.0,25.0,523000.0,20920.0
96,72447,BRIGGS ELEMENTARY,0.0,513.0,26.0,0.0,0.0,0.0,3.0,542.0,5731000.0,10573.8
97,68874,BRISBANE ELEMENTARY,8.0,148.0,134.0,133.0,0.0,4.0,37.0,464.0,2951000.0,6359.91
98,71357,BRITTAN ELEMENTARY,0.0,102.0,309.0,0.0,5.0,0.0,50.0,466.0,3881000.0,8328.33
99,71365,BROWNS ELEMENTARY,1.0,63.0,73.0,5.0,0.0,1.0,9.0,152.0,1232000.0,8105.26
100,61838,BUCKEYE UNION ELEMENTARY,47.0,742.0,3599.0,453.0,14.0,16.0,345.0,5216.0,38112000.0,7306.75
101,69138,BUELLTON UNION ELEMENTARY,4.0,268.0,294.0,8.0,4.0,0.0,36.0,614.0,7414000.0,12074.92
102,66456,BUENA PARK ELEMENTARY,218.0,3197.0,341.0,928.0,17.0,25.0,111.0,4837.0,51063000.0,10556.75
103,71829,BUENA VISTA ELEMENTARY,4.0,139.0,63.0,0.0,0.0,0.0,3.0,209.0,2170000.0,10382.78
104,64337,BURBANK UNIFIED,418.0,5891.0,7373.0,1458.0,57.0,16.0,886.0,16099.0,135169000.0,8396.11
105,68882,BURLINGAME ELEMENTARY,22.0,506.0,1775.0,791.0,6.0,14.0,296.0,3410.0,24896000.0,7300.88
106,71662,BURNT RANCH ELEMENTARY,4.0,20.0,33.0,2.0,32.0,0.0,5.0,96.0,1252000.0,13041.67
107,62042,BURREL UNION ELEMENTARY,0.0,100.0,9.0,3.0,0.0,0.0,0.0,112.0,1311000.0,11705.36
108,71837,BURTON ELEMENTARY,33.0,3305.0,1007.0,241.0,61.0,8.0,26.0,4681.0,52935000.0,11308.48
109,10041,BUTTE COUNTY OFFICE OF EDUCATION,19.0,216.0,828.0,18.0,31.0,3.0,97.0,1212.0,83743000.0,69094.88
110,73684,BUTTE VALLEY UNIFIED,0.0,146.0,139.0,4.0,13.0,0.0,6.0,308.0,3771000.0,12243.51
111,70201,BUTTEVILLE UNION ELEMENTARY,0.0,30.0,1.0,0.0,0.0,0.0,180.0,211.0,1936000.0,9175.36
112,63370,BUTTONWILLOW UNION ELEMENTARY,3.0,339.0,27.0,3.0,1.0,0.0,1.0,374.0,4638000.0,12401.07
113,61663,BYRON UNION ELEMENTARY,92.0,527.0,1336.0,111.0,50.0,29.0,89.0,2234.0,57951000.0,25940.47
114,68890,CABRILLO UNIFIED,13.0,1685.0,1358.0,91.0,4.0,5.0,123.0,3279.0,28575000.0,8714.55
115,67991,CAJON VALLEY UNION,1025.0,6065.0,8086.0,497.0,34.0,90.0,1127.0,16924.0,174505000.0,10311.1
116,10058,CALAVERAS COUNTY OFFICE OF EDUCATION,10.0,102.0,354.0,2.0,6.0,3.0,48.0,525.0,15581000.0,29678.1
117,61564,CALAVERAS UNIFIED,20.0,554.0,2123.0,37.0,49.0,6.0,143.0,2932.0,17680000.0,6030.01
118,63099,CALEXICO UNIFIED,4.0,9185.0,30.0,27.0,1.0,0.0,5.0,9252.0,128881000.0,13930.07
119,63388,CALIENTE UNION ELEMENTARY,0.0,5.0,43.0,0.0,0.0,0.0,3.0,51.0,648000.0,12705.88
120,63107,CALIPATRIA UNIFIED,28.0,1014.0,95.0,4.0,0.0,0.0,9.0,1150.0,15093000.0,13124.35
121,66241,CALISTOGA JOINT UNIFIED,0.0,712.0,115.0,14.0,1.0,0.0,17.0,859.0,3780000.0,4400.47
122,69385,CAMBRIAN,91.0,812.0,1549.0,673.0,23.0,14.0,352.0,3514.0,19622000.0,5583.95
123,61846,CAMINO UNION ELEMENTARY,0.0,154.0,292.0,0.0,12.0,1.0,44.0,503.0,4226000.0,8401.59
124,69393,CAMPBELL UNION,262.0,3515.0,1809.0,1170.0,15.0,46.0,648.0,7465.0,53838000.0,7212.06
125,69401,CAMPBELL UNION HIGH,202.0,2684.0,3148.0,1316.0,31.0,52.0,377.0,7810.0,44289000.0,5670.81
126,72728,CAMPTONVILLE ELEMENTARY,4.0,91.0,335.0,4.0,10.0,3.0,72.0,519.0,5287000.0,10186.9
127,61671,CANYON ELEMENTARY,2.0,7.0,47.0,4.0,0.0,0.0,12.0,72.0,700000.0,9722.22
128,62554,CAPAY JOINT UNION ELEMENTARY,0.0,82.0,104.0,1.0,0.0,0.0,5.0,192.0,1807000.0,9411.46
129,66464,CAPISTRANO UNIFIED,736.0,14113.0,30333.0,4019.0,112.0,73.0,4227.0,53613.0,237958000.0,4438.44
130,68007,CARDIFF ELEMENTARY,1.0,132.0,513.0,9.0,0.0,0.0,49.0,704.0,3181000.0,4518.47
131,73551,CARLSBAD UNIFIED,139.0,3079.0,6269.0,783.0,38.0,25.0,834.0,11167.0,50177000.0,4493.33
132,65987,CARMEL UNIFIED,9.0,463.0,1553.0,109.0,6.0,4.0,365.0,2509.0,12511000.0,4986.45
133,69146,CARPINTERIA UNIFIED,9.0,1659.0,516.0,43.0,10.0,1.0,31.0,2269.0,9074000.0,3999.12
134,75598,CARUTHERS UNIFIED,4.0,1202.0,138.0,76.0,6.0,2.0,14.0,1442.0,19239000.0,13341.89
135,69914,CASCADE UNION ELEMENTARY,20.0,244.0,635.0,72.0,70.0,6.0,33.0,1080.0,13052000.0,12085.19
136,64345,CASTAIC UNION,52.0,942.0,988.0,167.0,2.0,4.0,79.0,2234.0,18963000.0,8488.36
137,69922,CASTLE ROCK UNION ELEMENTARY,2.0,9.0,30.0,0.0,3.0,0.0,6.0,50.0,678000.0,13560.0
138,61150,CASTRO VALLEY UNIFIED,532.0,2239.0,2689.0,2783.0,23.0,39.0,1027.0,9332.0,117234000.0,12562.58
139,68726,CAYUCOS ELEMENTARY,0.0,47.0,138.0,5.0,0.0,0.0,21.0,211.0,1267000.0,6004.74
140,73973,CENTER JOINT UNIFIED,489.0,1144.0,2063.0,421.0,39.0,42.0,278.0,4476.0,45754000.0,10222.07
141,64352,CENTINELA VALLEY UNION HIGH,1236.0,5495.0,230.0,248.0,14.0,67.0,233.0,7523.0,82042000.0,10905.49
142,67645,CENTRAL ELEMENTARY,467.0,2348.0,1260.0,324.0,4.0,26.0,110.0,4539.0,47445000.0,10452.74
143,73965,CENTRAL UNIFIED,1439.0,9166.0,2527.0,2255.0,96.0,44.0,245.0,15772.0,172589000.0,10942.75
144,63883,CENTRAL UNION ELEMENTARY,128.0,663.0,598.0,81.0,131.0,14.0,162.0,1777.0,25767000.0,14500.28
145,63115,CENTRAL UNION HIGH,37.0,3871.0,159.0,41.0,5.0,1.0,5.0,4119.0,52965000.0,12858.7
146,66472,CENTRALIA ELEMENTARY,123.0,2361.0,662.0,1082.0,15.0,25.0,149.0,4417.0,44284000.0,10025.81
147,71043,CERES UNIFIED,243.0,10968.0,2147.0,796.0,74.0,114.0,140.0,14482.0,168880000.0,11661.37
148,67652,CHAFFEY JOINT UNION HIGH,1919.0,15213.0,4043.0,1940.0,93.0,108.0,578.0,23894.0,273438000.0,11443.79
149,64378,CHARTER OAK UNIFIED,147.0,3249.0,957.0,357.0,24.0,16.0,146.0,4896.0,52553000.0,10733.86
150,71050,CHATOM UNION,0.0,403.0,184.0,0.0,0.0,0.0,14.0,601.0,5790000.0,9633.94
151,75606,CHAWANAKEE UNIFIED,18.0,207.0,668.0,13.0,109.0,1.0,38.0,1054.0,9705000.0,9207.78
152,66316,CHICAGO PARK ELEMENTARY,0.0,23.0,140.0,4.0,3.0,0.0,12.0,182.0,2068000.0,11362.64
153,61424,CHICO UNIFIED,359.0,3274.0,8429.0,831.0,221.0,71.0,766.0,13951.0,124786000.0,8944.59
154,67678,CHINO VALLEY UNIFIED,952.0,16518.0,5197.0,5478.0,24.0,63.0,654.0,28886.0,282297000.0,9772.8
155,65193,CHOWCHILLA ELEMENTARY,41.0,1428.0,644.0,45.0,8.0,4.0,33.0,2203.0,23314000.0,10582.84
156,65201,CHOWCHILLA UNION HIGH,21.0,642.0,370.0,22.0,9.0,1.0,8.0,1073.0,9796000.0,9129.54
157,65995,CHUALAR UNION,0.0,336.0,2.0,0.0,0.0,0.0,0.0,338.0,4357000.0,12890.53
158,68023,CHULA VISTA ELEMENTARY,1073.0,21148.0,3268.0,3384.0,47.0,120.0,1013.0,30053.0,276287000.0,9193.33
159,67462,CIENEGA UNION ELEMENTARY,0.0,11.0,12.0,0.0,0.0,0.0,0.0,23.0,290000.0,12608.7
160,70649,CINNABAR ELEMENTARY,2.0,175.0,85.0,2.0,0.0,2.0,4.0,270.0,3853000.0,14270.37
161,64394,CLAREMONT UNIFIED,342.0,2931.0,2418.0,778.0,14.0,20.0,563.0,7066.0,75294000.0,10655.82
162,62109,CLAY JOINT ELEMENTARY,0.0,67.0,154.0,9.0,0.0,0.0,14.0,244.0,2237000.0,9168.03
163,66324,CLEAR CREEK ELEMENTARY,0.0,14.0,124.0,0.0,1.0,0.0,6.0,145.0,988000.0,6813.79
164,70656,CLOVERDALE UNIFIED,7.0,772.0,542.0,14.0,41.0,4.0,38.0,1418.0,9072000.0,6397.74
165,62117,CLOVIS UNIFIED,1338.0,15681.0,17321.0,6697.0,284.0,103.0,1322.0,42746.0,441821000.0,10335.96
166,73676,COACHELLA VALLEY UNIFIED,35.0,18290.0,156.0,21.0,92.0,0.0,125.0,18719.0,255366000.0,13642.07
167,62125,COALINGA-HURON UNIFIED,46.0,3746.0,455.0,92.0,14.0,1.0,96.0,4450.0,54050000.0,12146.07
168,75465,COAST UNIFIED,6.0,405.0,207.0,7.0,3.0,3.0,18.0,649.0,3379000.0,5206.47
169,71670,COFFEE CREEK ELEMENTARY,0.0,0.0,4.0,0.0,0.0,0.0,3.0,7.0,191000.0,27285.71
170,69161,COLD SPRING ELEMENTARY,2.0,14.0,140.0,8.0,0.0,0.0,5.0,169.0,932000.0,5514.79
171,66795,COLFAX ELEMENTARY,1.0,29.0,251.0,1.0,1.0,0.0,29.0,312.0,2844000.0,9115.38
172,69179,COLLEGE ELEMENTARY,0.0,163.0,190.0,2.0,15.0,1.0,22.0,393.0,2203000.0,5605.6
173,67686,COLTON JOINT UNIFIED,1261.0,19172.0,1485.0,566.0,53.0,54.0,183.0,22774.0,281265000.0,12350.27
174,69948,COLUMBIA ELEMENTARY,7.0,153.0,989.0,40.0,31.0,0.0,143.0,1363.0,13217000.0,9696.99
175,72348,COLUMBIA UNION,10.0,51.0,404.0,10.0,9.0,3.0,44.0,531.0,4187000.0,7885.12
176,71852,COLUMBINE ELEMENTARY,2.0,175.0,12.0,12.0,0.0,0.0,6.0,207.0,1943000.0,9386.47
177,10066,COLUSA COUNTY OFFICE OF EDUCATION,0.0,2.0,1.0,0.0,0.0,0.0,1.0,4.0,11679000.0,2919750.0
178,61598,COLUSA UNIFIED,1.0,1014.0,373.0,18.0,57.0,2.0,14.0,1479.0,13676000.0,9246.79
179,73437,COMPTON UNIFIED,4357.0,18531.0,113.0,27.0,39.0,126.0,259.0,23452.0,303191000.0,12928.15
180,73759,CONEJO VALLEY UNIFIED,273.0,4999.0,10591.0,2076.0,74.0,45.0,860.0,18918.0,119477000.0,6315.52
181,10074,CONTRA COSTA COUNTY OFFICE OF EDUCATION,459.0,1987.0,1546.0,400.0,21.0,30.0,349.0,4792.0,111731000.0,23316.15
182,63891,CORCORAN JOINT UNIFIED,113.0,2991.0,205.0,17.0,4.0,0.0,4.0,3334.0,40340000.0,12099.58
183,71498,CORNING UNION ELEMENTARY,23.0,1384.0,625.0,33.0,37.0,4.0,7.0,2113.0,23721000.0,11226.22
184,71506,CORNING UNION HIGH,6.0,516.0,348.0,8.0,11.0,0.0,53.0,942.0,11487000.0,12194.27
185,67033,CORONA-NORCO UNIFIED,3173.0,28004.0,13794.0,6580.0,187.0,208.0,1059.0,53005.0,531528000.0,10027.88
186,68031,CORONADO UNIFIED,51.0,631.0,2047.0,139.0,13.0,15.0,168.0,3064.0,35927000.0,11725.52
187,73882,COTATI-ROHNERT PARK UNIFIED,134.0,2550.0,2813.0,263.0,40.0,20.0,452.0,6272.0,51213000.0,8165.34
188,69955,COTTONWOOD UNION ELEMENTARY,8.0,155.0,805.0,22.0,41.0,4.0,56.0,1091.0,10087000.0,9245.65
189,64436,COVINA-VALLEY UNIFIED,324.0,8961.0,1141.0,1014.0,36.0,22.0,412.0,11910.0,205351000.0,17241.9
190,67694,CUCAMONGA ELEMENTARY,352.0,1750.0,210.0,160.0,11.0,11.0,22.0,2516.0,36350000.0,14447.54
191,62737,CUDDEBACK UNION ELEMENTARY,0.0,13.0,103.0,0.0,8.0,0.0,9.0,133.0,1270000.0,9548.87
192,64444,CULVER CITY UNIFIED,976.0,2643.0,1831.0,823.0,19.0,20.0,544.0,6856.0,93228000.0,13598.02
193,69419,CUPERTINO UNION,115.0,932.0,2852.0,13898.0,22.0,29.0,750.0,18598.0,86467000.0,4649.26
194,72355,CURTIS CREEK ELEMENTARY,3.0,73.0,349.0,2.0,6.0,0.0,25.0,458.0,4368000.0,9537.12
195,71860,CUTLER-OROSI JOINT UNIFIED,3.0,3910.0,73.0,131.0,3.0,2.0,4.0,4126.0,59044000.0,14310.23
196,62745,CUTTEN ELEMENTARY,6.0,105.0,369.0,34.0,47.0,2.0,59.0,622.0,5449000.0,8760.45
197,75010,CUYAMA JOINT UNIFIED,2.0,182.0,56.0,2.0,1.0,0.0,2.0,245.0,3129000.0,12771.43
198,66480,CYPRESS ELEMENTARY,116.0,1123.0,940.0,1520.0,3.0,25.0,242.0,3969.0,29637000.0,7467.12
199,72678,DAVIS JOINT UNIFIED,238.0,1732.0,4551.0,1502.0,35.0,23.0,501.0,8582.0,72407000.0,8437.08
200,63271,DEATH VALLEY UNIFIED,1.0,4.0,14.0,0.0,0.0,0.0,3.0,22.0,806000.0,36636.36
201,68049,DEHESA ELEMENTARY,304.0,2046.0,2971.0,333.0,50.0,16.0,594.0,6314.0,21648000.0,3428.57
202,68056,DEL MAR UNION ELEMENTARY,33.0,467.0,2230.0,1377.0,6.0,7.0,293.0,4413.0,19764000.0,4478.59
203,10082,DEL NORTE COUNTY OFFICE OF EDUCATION,5.0,96.0,348.0,12.0,72.0,2.0,44.0,579.0,7997000.0,13811.74
204,61820,DEL NORTE COUNTY UNIFIED,39.0,829.0,1893.0,212.0,527.0,6.0,173.0,3679.0,38294000.0,10408.81
205,63412,DELANO JOINT UNION HIGH,22.0,3601.0,56.0,491.0,3.0,3.0,18.0,4194.0,61542000.0,14673.82
206,63404,DELANO UNION ELEMENTARY,25.0,6488.0,100.0,713.0,12.0,3.0,46.0,7387.0,99147000.0,13421.82
207,75366,DELHI UNIFIED,8.0,2355.0,185.0,82.0,1.0,3.0,10.0,2644.0,33469000.0,12658.47
208,70227,DELPHIC ELEMENTARY,0.0,10.0,32.0,0.0,3.0,0.0,12.0,57.0,742000.0,13017.54
209,71068,DENAIR UNIFIED,7.0,602.0,619.0,6.0,4.0,1.0,70.0,1309.0,10638000.0,8126.81
210,67041,DESERT CENTER UNIFIED,0.0,10.0,9.0,0.0,0.0,0.0,0.0,19.0,306000.0,16105.26
211,67058,DESERT SANDS UNIFIED,502.0,21139.0,5645.0,836.0,88.0,32.0,716.0,28958.0,322665000.0,11142.52
212,63420,DI GIORGIO ELEMENTARY,0.0,219.0,10.0,0.0,0.0,0.0,0.0,229.0,2740000.0,11965.07
213,75531,DINUBA UNIFIED,28.0,6066.0,317.0,134.0,37.0,3.0,1.0,6586.0,82776000.0,12568.48
214,65318,DIXIE ELEMENTARY,36.0,290.0,1307.0,207.0,3.0,5.0,134.0,1982.0,12344000.0,6228.05
215,70532,DIXON UNIFIED,58.0,2105.0,1225.0,73.0,16.0,10.0,176.0,3663.0,29745000.0,8120.39
216,75317,DOS PALOS ORO LOMA JOINT UNIFIED,61.0,1833.0,351.0,12.0,51.0,5.0,12.0,2325.0,29491000.0,12684.3
217,71696,DOUGLAS CITY ELEMENTARY,0.0,20.0,140.0,4.0,2.0,0.0,22.0,188.0,1954000.0,10393.62
218,64451,DOWNEY UNIFIED,609.0,19801.0,1066.0,602.0,39.0,47.0,120.0,22284.0,250652000.0,11248.07
219,66803,DRY CREEK JOINT ELEMENTARY,291.0,1303.0,3758.0,681.0,48.0,35.0,612.0,6728.0,50455000.0,7499.26
220,64469,DUARTE UNIFIED,148.0,2622.0,372.0,300.0,23.0,8.0,249.0,3722.0,42831000.0,11507.52
221,75093,DUBLIN UNIFIED,364.0,1272.0,2552.0,5517.0,26.0,30.0,898.0,10659.0,73618000.0,6906.65
222,71894,DUCOR UNION ELEMENTARY,0.0,162.0,5.0,0.0,1.0,0.0,0.0,168.0,1945000.0,11577.38
223,70672,DUNHAM ELEMENTARY,0.0,36.0,136.0,0.0,0.0,0.0,14.0,186.0,2294000.0,12333.33
224,70243,DUNSMUIR ELEMENTARY,0.0,20.0,54.0,0.0,3.0,0.0,13.0,90.0,983000.0,10922.22
225,70250,DUNSMUIR JOINT UNION HIGH,2.0,15.0,39.0,0.0,3.0,0.0,6.0,65.0,1611000.0,24784.62
226,61432,DURHAM UNIFIED,5.0,199.0,725.0,3.0,11.0,0.0,42.0,985.0,7402000.0,7514.72
227,71902,EARLIMART ELEMENTARY,5.0,1861.0,13.0,38.0,0.0,0.0,22.0,1939.0,26963000.0,13905.62
228,71373,EAST NICOLAUS JOINT UNION HIGH,3.0,75.0,210.0,10.0,4.0,3.0,10.0,315.0,2891000.0,9177.78
229,69427,EAST SIDE UNION HIGH,635.0,13867.0,1412.0,10262.0,68.0,126.0,485.0,26855.0,193642000.0,7210.65
230,64485,EAST WHITTIER CITY ELEMENTARY,69.0,7431.0,984.0,221.0,11.0,20.0,93.0,8829.0,84908000.0,9616.94
231,73668,EASTERN SIERRA UNIFIED,2.0,156.0,197.0,8.0,35.0,2.0,2.0,402.0,3713000.0,9236.32
232,64477,EASTSIDE UNION ELEMENTARY,768.0,2166.0,285.0,60.0,9.0,5.0,104.0,3397.0,40365000.0,11882.54
233,63438,EDISON ELEMENTARY,20.0,872.0,125.0,5.0,11.0,0.0,26.0,1059.0,13643000.0,12882.91
234,63123,EL CENTRO ELEMENTARY,74.0,5696.0,182.0,28.0,3.0,1.0,65.0,6049.0,64304000.0,10630.52
235,10090,EL DORADO COUNTY OFFICE OF EDUCATION,45.0,209.0,640.0,8.0,25.0,2.0,56.0,985.0,159278000.0,161703.55
236,61853,EL DORADO UNION HIGH,72.0,965.0,4794.0,368.0,61.0,17.0,372.0,6649.0,49775000.0,7486.09
237,64501,EL MONTE CITY,22.0,6776.0,124.0,1526.0,0.0,5.0,0.0,8453.0,120913000.0,14304.15
238,64519,EL MONTE UNION HIGH,28.0,6870.0,120.0,1891.0,6.0,6.0,21.0,8942.0,135028000.0,15100.42
239,65680,EL NIDO ELEMENTARY,0.0,138.0,22.0,2.0,2.0,0.0,0.0,164.0,1642000.0,10012.2
240,64527,EL RANCHO UNIFIED,23.0,8534.0,84.0,71.0,4.0,2.0,12.0,8730.0,102149000.0,11700.92
241,64535,EL SEGUNDO UNIFIED,155.0,685.0,1859.0,279.0,11.0,16.0,464.0,3469.0,52612000.0,15166.33
242,75168,EL TEJON UNIFIED,8.0,303.0,396.0,11.0,18.0,4.0,45.0,785.0,6604000.0,8412.74
243,67314,ELK GROVE UNIFIED,7857.0,16487.0,12917.0,18218.0,397.0,1033.0,5643.0,62552.0,643060000.0,10280.41
244,63446,ELK HILLS ELEMENTARY,4.0,20.0,156.0,0.0,1.0,0.0,4.0,185.0,1759000.0,9508.11
245,71514,ELKINS ELEMENTARY,0.0,3.0,11.0,0.0,1.0,0.0,0.0,15.0,180000.0,12000.0
246,67322,ELVERTA JOINT ELEMENTARY,31.0,87.0,124.0,13.0,6.0,1.0,26.0,288.0,3179000.0,11038.19
247,61168,EMERY UNIFIED,357.0,138.0,76.0,82.0,9.0,8.0,17.0,687.0,14153000.0,20601.16
248,71076,EMPIRE UNION ELEMENTARY,143.0,1831.0,734.0,124.0,14.0,25.0,154.0,3025.0,37193000.0,12295.21
249,68080,ENCINITAS UNION ELEMENTARY,50.0,1161.0,3598.0,250.0,22.0,9.0,223.0,5313.0,20601000.0,3877.47
250,69971,ENTERPRISE ELEMENTARY,74.0,640.0,2228.0,271.0,92.0,7.0,474.0,3786.0,40272000.0,10637.08
251,68502,ESCALON UNIFIED,9.0,1375.0,1377.0,62.0,8.0,2.0,62.0,2895.0,25008000.0,8638.34
252,68098,ESCONDIDO UNION,276.0,13482.0,3636.0,760.0,39.0,21.0,751.0,18965.0,178036000.0,9387.61
253,68106,ESCONDIDO UNION HIGH,212.0,5983.0,2574.0,481.0,25.0,27.0,203.0,9505.0,87998000.0,9258.07
254,72686,ESPARTO UNIFIED,11.0,724.0,199.0,12.0,6.0,2.0,13.0,967.0,9234000.0,9549.12
255,67702,ETIWANDA ELEMENTARY,1420.0,6237.0,3308.0,2233.0,28.0,38.0,728.0,13992.0,156692000.0,11198.68
256,75515,EUREKA CITY SCHOOLS,96.0,817.0,1805.0,422.0,212.0,57.0,358.0,3767.0,34414000.0,9135.65
257,66829,EUREKA UNION,76.0,362.0,2263.0,350.0,23.0,4.0,305.0,3383.0,20923000.0,6184.75
258,69435,EVERGREEN ELEMENTARY,166.0,2978.0,750.0,7238.0,35.0,56.0,571.0,11794.0,68452000.0,5803.97
259,71522,EVERGREEN UNION,5.0,179.0,911.0,16.0,36.0,3.0,42.0,1192.0,11352000.0,9523.49
260,76836,EXETER UNIFIED,25.0,1686.0,1045.0,25.0,22.0,3.0,45.0,2851.0,30435000.0,10675.2
261,63461,FAIRFAX ELEMENTARY,81.0,2370.0,128.0,61.0,6.0,1.0,52.0,2699.0,32038000.0,11870.32
262,70540,FAIRFIELD-SUISUN UNIFIED,3446.0,9042.0,4009.0,3066.0,115.0,246.0,1683.0,21607.0,216305000.0,10010.88
263,69989,FALL RIVER JOINT UNIFIED,1.0,293.0,737.0,5.0,115.0,2.0,79.0,1232.0,11680000.0,9480.52
264,68114,FALLBROOK UNION ELEMENTARY,169.0,3053.0,1546.0,64.0,6.0,7.0,161.0,5006.0,48988000.0,9785.86
265,68122,FALLBROOK UNION HIGH,43.0,1442.0,643.0,32.0,25.0,8.0,45.0,2238.0,21687000.0,9690.35
266,75325,FARMERSVILLE UNIFIED,6.0,2423.0,113.0,11.0,6.0,1.0,1.0,2561.0,34800000.0,13588.44
267,61440,FEATHER FALLS UNION ELEMENTARY,4.0,14.0,20.0,0.0,23.0,0.0,17.0,78.0,362000.0,4641.03
268,75374,FERNDALE UNIFIED,3.0,116.0,365.0,3.0,21.0,2.0,3.0,513.0,4592000.0,8951.27
269,62794,FIELDBROOK ELEMENTARY,2.0,6.0,112.0,2.0,9.0,0.0,15.0,146.0,1254000.0,8589.04
270,72454,FILLMORE UNIFIED,6.0,3429.0,267.0,15.0,13.0,1.0,22.0,3753.0,48332000.0,12878.23
271,73809,FIREBAUGH-LAS DELTAS UNIFIED,3.0,2185.0,95.0,4.0,0.0,1.0,2.0,2290.0,30616000.0,13369.43
272,71530,FLOURNOY UNION ELEMENTARY,0.0,3.0,18.0,0.0,0.0,0.0,0.0,21.0,312000.0,14857.14
273,67330,FOLSOM-CORDOVA UNIFIED,1143.0,4084.0,10212.0,3311.0,84.0,149.0,1284.0,20267.0,189402000.0,9345.34
274,67710,FONTANA UNIFIED,2078.0,33078.0,1572.0,792.0,39.0,93.0,362.0,38014.0,525675000.0,13828.46
275,66837,FORESTHILL UNION ELEMENTARY,6.0,41.0,322.0,5.0,8.0,2.0,14.0,398.0,2860000.0,7185.93
276,70680,FORESTVILLE UNION ELEMENTARY,1.0,98.0,211.0,2.0,4.0,1.0,23.0,340.0,2288000.0,6729.41
277,70292,FORKS OF SALMON ELEMENTARY,0.0,1.0,8.0,0.0,0.0,0.0,1.0,10.0,260000.0,26000.0
278,65565,FORT BRAGG UNIFIED,15.0,777.0,921.0,18.0,21.0,1.0,127.0,1880.0,18164000.0,9661.7
279,70698,FORT ROSS ELEMENTARY,0.0,12.0,12.0,0.0,0.0,0.0,0.0,24.0,352000.0,14666.67
280,75036,FORT SAGE UNIFIED,6.0,31.0,175.0,0.0,9.0,4.0,15.0,240.0,3312000.0,13800.0
281,76802,FORTUNA ELEMENTARY,8.0,474.0,745.0,13.0,39.0,0.0,98.0,1377.0,14579000.0,10587.51
282,62810,FORTUNA UNION HIGH,4.0,272.0,664.0,21.0,47.0,1.0,96.0,1105.0,10784000.0,9759.28
283,66498,FOUNTAIN VALLEY ELEMENTARY,45.0,1101.0,2441.0,2394.0,18.0,37.0,351.0,6387.0,41958000.0,6569.28
284,62158,FOWLER UNIFIED,25.0,2033.0,240.0,237.0,5.0,0.0,17.0,2557.0,29171000.0,11408.29
285,71381,FRANKLIN ELEMENTARY,3.0,104.0,277.0,45.0,2.0,0.0,47.0,478.0,3605000.0,7541.84
286,69450,FRANKLIN-MCKINLEY ELEMENTARY,158.0,6464.0,179.0,3702.0,9.0,37.0,186.0,10735.0,86664000.0,8073.03
287,61176,FREMONT UNIFIED,780.0,5200.0,4280.0,23551.0,91.0,204.0,1057.0,35163.0,286406000.0,8145.1
288,69468,FREMONT UNION HIGH,96.0,1623.0,1942.0,6543.0,9.0,30.0,565.0,10808.0,49728000.0,4601.04
289,69997,FRENCH GULCH-WHISKEYTOWN ELEMENTARY,0.0,5.0,18.0,0.0,0.0,0.0,8.0,31.0,541000.0,17451.61
290,62828,FRESHWATER ELEMENTARY,2.0,41.0,250.0,6.0,9.0,0.0,34.0,342.0,2956000.0,8643.27
291,10108,FRESNO COUNTY OFFICE OF EDUCATION,334.0,1785.0,329.0,84.0,29.0,2.0,121.0,2684.0,188976000.0,70408.35
292,62166,FRESNO UNIFIED,6224.0,49722.0,7298.0,8095.0,435.0,261.0,1321.0,73356.0,930428000.0,12683.73
293,63479,FRUITVALE ELEMENTARY,98.0,1220.0,1563.0,144.0,30.0,5.0,151.0,3211.0,30653000.0,9546.25
294,66506,FULLERTON ELEMENTARY,184.0,6775.0,2594.0,3104.0,59.0,21.0,626.0,13363.0,110655000.0,8280.7
295,66514,FULLERTON JOINT UNION HIGH,309.0,7712.0,2362.0,3047.0,29.0,60.0,342.0,13861.0,122416000.0,8831.69
296,67348,GALT JOINT UNION ELEMENTARY,47.0,2129.0,1217.0,121.0,11.0,24.0,67.0,3616.0,38404000.0,10620.58
297,67355,GALT JOINT UNION HIGH,34.0,1243.0,758.0,28.0,7.0,7.0,114.0,2191.0,32185000.0,14689.64
298,66522,GARDEN GROVE UNIFIED,257.0,23720.0,3544.0,15638.0,36.0,254.0,774.0,44223.0,498521000.0,11272.89
299,62836,GARFIELD ELEMENTARY,3.0,3.0,57.0,0.0,3.0,0.0,3.0,69.0,778000.0,11275.36
300,64550,GARVEY ELEMENTARY,20.0,1861.0,73.0,2795.0,5.0,1.0,50.0,4805.0,67002000.0,13944.22
301,75267,GATEWAY UNIFIED,46.0,422.0,1935.0,76.0,176.0,14.0,132.0,2801.0,29721000.0,10610.85
302,70318,GAZELLE UNION ELEMENTARY,3.0,6.0,16.0,0.0,4.0,0.0,1.0,30.0,486000.0,16200.0
303,63487,GENERAL SHAFTER ELEMENTARY,0.0,130.0,14.0,2.0,0.0,0.0,0.0,146.0,844000.0,5780.82
304,71548,GERBER UNION ELEMENTARY,1.0,294.0,107.0,2.0,12.0,0.0,10.0,426.0,4728000.0,11098.59
305,70706,GEYSERVILLE UNIFIED,2.0,157.0,86.0,2.0,0.0,0.0,3.0,250.0,1861000.0,7444.0
306,69484,GILROY UNIFIED,153.0,8388.0,2112.0,724.0,68.0,26.0,488.0,11959.0,85606000.0,7158.29
307,64568,GLENDALE UNIFIED,305.0,5756.0,14650.0,4588.0,43.0,25.0,652.0,26019.0,254875000.0,9795.73
308,64576,GLENDORA UNIFIED,92.0,3224.0,3116.0,750.0,14.0,11.0,331.0,7538.0,66283000.0,8793.18
309,10116,GLENN COUNTY OFFICE OF EDUCATION,29.0,224.0,178.0,4.0,11.0,2.0,15.0,463.0,24859000.0,53691.14
310,61879,GOLD OAK UNION ELEMENTARY,7.0,48.0,405.0,1.0,8.0,1.0,6.0,476.0,3518000.0,7390.76
311,61887,GOLD TRAIL UNION ELEMENTARY,6.0,77.0,564.0,3.0,11.0,4.0,20.0,685.0,5060000.0,7386.86
312,61457,GOLDEN FEATHER UNION ELEMENTARY,0.0,32.0,142.0,3.0,6.0,0.0,15.0,198.0,1692000.0,8545.45
313,75234,GOLDEN PLAINS UNIFIED,13.0,1664.0,24.0,6.0,1.0,0.0,1.0,1709.0,21419000.0,12533.06
314,75580,GOLDEN VALLEY UNIFIED,22.0,761.0,977.0,50.0,18.0,0.0,42.0,1870.0,18098000.0,9678.07
315,69195,GOLETA UNION ELEMENTARY,29.0,1791.0,1273.0,264.0,4.0,1.0,209.0,3571.0,33095000.0,9267.71
316,75473,GONZALES UNIFIED,3.0,2348.0,43.0,11.0,9.0,5.0,5.0,2424.0,24364000.0,10051.16
317,64584,GORMAN JOINT,99.0,796.0,1248.0,108.0,9.0,7.0,224.0,2491.0,1454000.0,583.7
318,70003,GRANT ELEMENTARY,3.0,71.0,486.0,16.0,11.0,1.0,49.0,637.0,5695000.0,8940.35
319,66332,GRASS VALLEY ELEMENTARY,24.0,303.0,1293.0,35.0,59.0,4.0,18.0,1736.0,12698000.0,7314.52
320,71084,GRATTON ELEMENTARY,2.0,18.0,106.0,5.0,2.0,0.0,2.0,135.0,1600000.0,11851.85
321,70714,GRAVENSTEIN UNION ELEMENTARY,2.0,137.0,477.0,34.0,4.0,2.0,71.0,727.0,6581000.0,9052.27
322,66027,GRAVES ELEMENTARY,0.0,33.0,8.0,3.0,0.0,1.0,1.0,46.0,377000.0,8195.65
323,62851,GREEN POINT ELEMENTARY,0.0,0.0,10.0,0.0,0.0,0.0,1.0,11.0,208000.0,18909.09
324,63503,GREENFIELD UNION,659.0,7722.0,622.0,208.0,30.0,5.0,115.0,9361.0,117329000.0,12533.81
325,66035,GREENFIELD UNION ELEMENTARY,6.0,3448.0,45.0,13.0,3.0,4.0,3.0,3522.0,42590000.0,12092.56
326,70326,GRENADA ELEMENTARY,2.0,15.0,164.0,0.0,5.0,0.0,15.0,201.0,2081000.0,10353.23
327,75507,GRIDLEY UNIFIED,7.0,1161.0,708.0,52.0,7.0,5.0,81.0,2021.0,21589000.0,10682.34
328,68130,GROSSMONT UNION HIGH,1477.0,8403.0,9249.0,816.0,136.0,111.0,1517.0,21709.0,180286000.0,8304.67
329,69203,GUADALUPE UNION ELEMENTARY,6.0,1238.0,23.0,7.0,3.0,0.0,3.0,1280.0,15728000.0,12287.5
330,70722,GUERNEVILLE ELEMENTARY,8.0,88.0,165.0,4.0,16.0,1.0,4.0,286.0,2718000.0,9503.5
331,73619,GUSTINE UNIFIED,13.0,1512.0,290.0,25.0,10.0,4.0,36.0,1890.0,19934000.0,10547.09
332,73445,HACIENDA LA PUENTE UNIFIED,177.0,14982.0,617.0,2829.0,18.0,48.0,159.0,18830.0,262387000.0,13934.52
333,76562,HAMILTON UNIFIED,2.0,593.0,48.0,8.0,3.0,0.0,43.0,697.0,8189000.0,11748.92
334,63917,HANFORD ELEMENTARY,272.0,4428.0,949.0,104.0,25.0,7.0,169.0,5954.0,69939000.0,11746.56
335,63925,HANFORD JOINT UNION HIGH,194.0,2435.0,996.0,114.0,17.0,2.0,41.0,3799.0,44244000.0,11646.22
336,70334,HAPPY CAMP UNION ELEMENTARY,0.0,9.0,36.0,0.0,49.0,0.0,17.0,111.0,1416000.0,12756.76
337,69757,HAPPY VALLEY ELEMENTARY,1.0,6.0,87.0,8.0,2.0,0.0,21.0,125.0,871000.0,6968.0
338,70011,HAPPY VALLEY UNION ELEMENTARY,3.0,85.0,330.0,27.0,33.0,3.0,19.0,500.0,5232000.0,10464.0
339,70730,HARMONY UNION ELEMENTARY,14.0,152.0,416.0,22.0,6.0,3.0,67.0,680.0,6706000.0,9861.76
340,71092,HART-RANSOM UNION ELEMENTARY,24.0,499.0,566.0,53.0,5.0,7.0,35.0,1189.0,11135000.0,9365.01
341,64592,HAWTHORNE,1743.0,6117.0,194.0,331.0,26.0,102.0,60.0,8573.0,106370000.0,12407.56
342,61192,HAYWARD UNIFIED,2086.0,14644.0,1252.0,3380.0,71.0,740.0,749.0,22922.0,246649000.0,10760.36
343,75390,HEALDSBURG UNIFIED,10.0,990.0,571.0,19.0,7.0,5.0,9.0,1611.0,11843000.0,7351.33
344,63131,HEBER ELEMENTARY,0.0,1234.0,9.0,0.0,0.0,0.0,2.0,1245.0,14632000.0,11752.61
345,67736,HELENDALE ELEMENTARY,169.0,1226.0,1038.0,59.0,13.0,15.0,146.0,2666.0,33148000.0,12433.61
346,67082,HEMET UNIFIED,1873.0,12346.0,5940.0,434.0,195.0,69.0,853.0,21710.0,294058000.0,13544.82
347,64600,HERMOSA BEACH CITY ELEMENTARY,8.0,150.0,1011.0,66.0,5.0,10.0,128.0,1378.0,10574000.0,7673.44
348,75044,HESPERIA UNIFIED,1085.0,15244.0,3424.0,242.0,79.0,52.0,3718.0,23844.0,258693000.0,10849.4
349,71100,HICKMAN COMMUNITY CHARTER,15.0,268.0,712.0,32.0,4.0,9.0,31.0,1071.0,9424000.0,8799.25
350,68908,HILLSBOROUGH CITY ELEMENTARY,4.0,52.0,864.0,412.0,5.0,3.0,143.0,1483.0,10384000.0,7002.02
351,65698,HILMAR UNIFIED,10.0,1030.0,1300.0,19.0,15.0,2.0,27.0,2403.0,22182000.0,9230.96
352,67470,HOLLISTER,21.0,4604.0,905.0,118.0,15.0,8.0,78.0,5749.0,56859000.0,9890.24
353,63149,HOLTVILLE UNIFIED,5.0,1405.0,167.0,4.0,0.0,0.0,17.0,1598.0,18821000.0,11777.85
354,69211,HOPE ELEMENTARY,17.0,343.0,562.0,39.0,1.0,3.0,45.0,1010.0,3578000.0,3542.57
355,69211,HOPE ELEMENTARY,0.0,143.0,107.0,2.0,0.0,0.0,3.0,255.0,2453000.0,9619.61
356,70763,HORICON ELEMENTARY,0.0,35.0,16.0,0.0,5.0,0.0,3.0,59.0,500000.0,8474.58
357,70359,HORNBROOK ELEMENTARY,0.0,4.0,35.0,0.0,2.0,0.0,17.0,58.0,545000.0,9396.55
358,71951,HOT SPRINGS ELEMENTARY,0.0,4.0,11.0,0.0,0.0,0.0,3.0,18.0,272000.0,15111.11
359,66258,HOWELL MOUNTAIN ELEMENTARY,3.0,45.0,32.0,4.0,1.0,0.0,1.0,86.0,613000.0,7127.91
360,72462,HUENEME ELEMENTARY,78.0,6987.0,730.0,332.0,37.0,21.0,194.0,8379.0,95326000.0,11376.78
361,64626,HUGHES-ELIZABETH LAKES UNION ELEMENTARY,2.0,57.0,132.0,1.0,1.0,0.0,9.0,202.0,1470000.0,7277.23
362,75549,HUGHSON UNIFIED,2.0,1174.0,861.0,18.0,7.0,1.0,25.0,2088.0,20580000.0,9856.32
363,10124,HUMBOLDT COUNTY OFFICE OF EDUCATION,4.0,52.0,313.0,11.0,14.0,3.0,39.0,436.0,46823000.0,107392.2
364,66530,HUNTINGTON BEACH CITY ELEMENTARY,31.0,1395.0,4231.0,755.0,18.0,25.0,700.0,7155.0,39900000.0,5576.52
365,66548,HUNTINGTON BEACH UNION HIGH,168.0,4430.0,6207.0,4454.0,227.0,103.0,551.0,16140.0,136620000.0,8464.68
366,62885,HYDESVILLE ELEMENTARY,0.0,16.0,160.0,1.0,0.0,0.0,19.0,196.0,1392000.0,7102.04
367,10132,IMPERIAL COUNTY OFFICE OF EDUCATION,5.0,579.0,25.0,3.0,2.0,0.0,5.0,619.0,112676000.0,182029.08
368,63164,IMPERIAL UNIFIED,46.0,3438.0,540.0,60.0,8.0,1.0,29.0,4122.0,41789000.0,10138.04
369,61895,INDIAN DIGGINGS ELEMENTARY,0.0,3.0,12.0,0.0,0.0,0.0,2.0,17.0,239000.0,14058.82
370,70037,INDIAN SPRINGS ELEMENTARY,0.0,2.0,9.0,0.0,0.0,0.0,0.0,11.0,197000.0,17909.09
371,64634,INGLEWOOD UNIFIED,4902.0,7285.0,71.0,66.0,90.0,48.0,108.0,12570.0,139181000.0,11072.47
372,10140,INYO COUNTY OFFICE OF EDUCATION,311.0,1534.0,48.0,9.0,8.0,4.0,32.0,1946.0,35282000.0,18130.52
373,73650,IRVINE UNIFIED,672.0,3584.0,9897.0,16502.0,66.0,75.0,2577.0,33373.0,184571000.0,5530.55
374,63933,ISLAND UNION ELEMENTARY,2.0,151.0,215.0,0.0,0.0,0.0,19.0,387.0,3799000.0,9816.54
375,62893,JACOBY CREEK ELEMENTARY,4.0,53.0,331.0,15.0,7.0,0.0,45.0,455.0,3418000.0,7512.09
376,72363,JAMESTOWN ELEMENTARY,7.0,126.0,260.0,7.0,11.0,2.0,28.0,441.0,3298000.0,7478.46
377,68155,JAMUL-DULZURA UNION ELEMENTARY,13.0,409.0,358.0,16.0,5.0,0.0,42.0,843.0,6493000.0,7702.25
378,64105,JANESVILLE UNION ELEMENTARY,1.0,38.0,280.0,3.0,7.0,0.0,14.0,343.0,3082000.0,8985.42
379,67488,JEFFERSON ELEMENTARY,0.0,6.0,6.0,0.0,0.0,0.0,0.0,12.0,180000.0,15000.0
380,67488,JEFFERSON ELEMENTARY,152.0,2474.0,729.0,3214.0,15.0,83.0,372.0,7039.0,56507000.0,8027.7
381,67488,JEFFERSON ELEMENTARY,108.0,873.0,771.0,409.0,7.0,23.0,126.0,2317.0,19209000.0,8290.46
382,68924,JEFFERSON UNION HIGH,99.0,1367.0,750.0,2178.0,11.0,53.0,404.0,4862.0,35788000.0,7360.76
383,61697,JOHN SWETT UNIFIED,337.0,530.0,299.0,339.0,15.0,7.0,187.0,1714.0,13758000.0,8026.84
384,64113,JOHNSTONVILLE ELEMENTARY,0.0,31.0,159.0,1.0,2.0,0.0,13.0,206.0,1782000.0,8650.49
385,68163,JULIAN UNION ELEMENTARY,125.0,1408.0,2182.0,141.0,83.0,12.0,409.0,4360.0,46083000.0,10569.5
386,68171,JULIAN UNION HIGH,0.0,43.0,84.0,1.0,11.0,0.0,11.0,150.0,1242000.0,8280.0
387,71738,JUNCTION CITY ELEMENTARY,0.0,6.0,48.0,0.0,8.0,2.0,6.0,70.0,974000.0,13914.29
388,70045,JUNCTION ELEMENTARY,0.0,4.0,3.0,0.0,16.0,0.0,1.0,24.0,524000.0,21833.33
389,70045,JUNCTION ELEMENTARY,1.0,32.0,227.0,2.0,9.0,0.0,8.0,279.0,1895000.0,6792.11
390,67090,JURUPA UNIFIED,362.0,16447.0,1761.0,266.0,32.0,46.0,280.0,19194.0,232281000.0,12101.75
391,70888,KASHIA ELEMENTARY,0.0,0.0,0.0,0.0,9.0,1.0,3.0,13.0,294000.0,22615.38
392,64014,KELSEYVILLE UNIFIED,21.0,738.0,812.0,15.0,47.0,4.0,87.0,1724.0,16991000.0,9855.57
393,65334,KENTFIELD ELEMENTARY,12.0,140.0,853.0,62.0,2.0,1.0,187.0,1257.0,10693000.0,8506.76
394,70789,KENWOOD,1.0,16.0,115.0,2.0,0.0,0.0,15.0,149.0,1410000.0,9463.09
395,64642,KEPPEL UNION ELEMENTARY,135.0,2056.0,379.0,6.0,6.0,2.0,44.0,2628.0,30923000.0,11766.74
396,73999,KERMAN UNIFIED,35.0,4325.0,477.0,258.0,23.0,0.0,16.0,5134.0,61614000.0,12001.17
397,10157,KERN COUNTY OFFICE OF EDUCATION,257.0,2855.0,1092.0,81.0,25.0,6.0,73.0,4389.0,303202000.0,69082.25
398,63529,KERN HIGH,2279.0,25271.0,8464.0,1515.0,248.0,69.0,859.0,38705.0,412183000.0,10649.35
399,63545,KERNVILLE UNION ELEMENTARY,10.0,145.0,677.0,9.0,32.0,0.0,8.0,881.0,9981000.0,11329.17
400,71134,KEYES UNION,1.0,691.0,389.0,28.0,2.0,3.0,26.0,1140.0,12805000.0,11232.46
401,66050,KING CITY UNION,4.0,2493.0,125.0,35.0,7.0,0.0,17.0,2681.0,30004000.0,11191.35
402,62265,KINGS CANYON JOINT UNIFIED,16.0,8597.0,902.0,150.0,33.0,5.0,141.0,9844.0,126616000.0,12862.25
403,10165,KINGS COUNTY OFFICE OF EDUCATION,28.0,231.0,78.0,10.0,9.0,2.0,6.0,364.0,49334000.0,135532.97
404,71969,KINGS RIVER UNION ELEMENTARY,1.0,416.0,33.0,3.0,0.0,0.0,2.0,455.0,5724000.0,12580.22
405,63941,KINGS RIVER-HARDWICK UNION ELEMENTARY,2.0,316.0,478.0,6.0,1.0,0.0,24.0,827.0,7384000.0,8928.66
406,62240,KINGSBURG ELEMENTARY CHARTER,7.0,1368.0,724.0,59.0,4.0,1.0,68.0,2231.0,21547000.0,9658.0
407,62257,KINGSBURG JOINT UNION HIGH,7.0,703.0,383.0,37.0,6.0,0.0,24.0,1160.0,11768000.0,10144.83
408,71555,KIRKWOOD ELEMENTARY,0.0,30.0,68.0,1.0,1.0,0.0,4.0,104.0,1043000.0,10028.85
409,63958,KIT CARSON UNION ELEMENTARY,19.0,571.0,220.0,2.0,5.0,4.0,16.0,837.0,10758000.0,12853.05
410,70375,KLAMATH RIVER UNION ELEMENTARY,2.0,2.0,10.0,0.0,3.0,0.0,6.0,23.0,277000.0,12043.48
411,62901,KLAMATH-TRINITY JOINT UNIFIED,5.0,48.0,94.0,2.0,819.0,3.0,28.0,999.0,58293000.0,58351.35
412,62919,KNEELAND ELEMENTARY,0.0,0.0,21.0,3.0,4.0,0.0,1.0,29.0,391000.0,13482.76
413,71142,KNIGHTS FERRY ELEMENTARY,0.0,0.0,0.0,0.0,0.0,0.0,0.0,0.0,965000.0,inf
414,61705,KNIGHTSEN ELEMENTARY,3.0,229.0,299.0,17.0,1.0,4.0,32.0,585.0,4151000.0,7095.73
415,64022,KONOCTI UNIFIED,105.0,1401.0,1494.0,16.0,102.0,6.0,241.0,3365.0,37375000.0,11106.98
416,64659,LA CANADA UNIFIED,32.0,467.0,2048.0,1234.0,10.0,0.0,341.0,4132.0,32010000.0,7746.85
417,66563,LA HABRA CITY ELEMENTARY,44.0,4150.0,342.0,124.0,3.0,3.0,60.0,4726.0,42821000.0,9060.73
418,68940,LA HONDA-PESCADERO UNIFIED,1.0,207.0,103.0,1.0,0.0,0.0,6.0,318.0,3065000.0,9638.36
419,68197,LA MESA-SPRING VALLEY,1153.0,6010.0,3414.0,637.0,32.0,90.0,953.0,12289.0,114958000.0,9354.54
420,61713,LAFAYETTE ELEMENTARY,30.0,293.0,2578.0,376.0,4.0,2.0,332.0,3615.0,24102000.0,6667.22
421,66555,LAGUNA BEACH UNIFIED,34.0,316.0,2317.0,160.0,12.0,8.0,178.0,3025.0,12855000.0,4249.59
422,65342,LAGUNA JOINT ELEMENTARY,0.0,8.0,1.0,0.0,0.0,0.0,8.0,17.0,211000.0,12411.76
423,66076,LAGUNITA ELEMENTARY,0.0,42.0,45.0,0.0,1.0,0.0,11.0,99.0,865000.0,8737.37
424,65359,LAGUNITAS ELEMENTARY,4.0,30.0,204.0,4.0,0.0,4.0,16.0,262.0,2045000.0,7805.34
425,10173,LAKE COUNTY OFFICE OF EDUCATION,0.0,7.0,14.0,0.0,5.0,0.0,8.0,34.0,18443000.0,542441.18
426,62596,LAKE ELEMENTARY,1.0,48.0,118.0,0.0,1.0,0.0,1.0,169.0,1576000.0,9325.44
427,75176,LAKE ELSINORE UNIFIED,812.0,12997.0,6260.0,710.0,55.0,46.0,1159.0,22039.0,231883000.0,10521.48
428,61903,LAKE TAHOE UNIFIED,31.0,1675.0,1905.0,189.0,16.0,8.0,127.0,3951.0,30542000.0,7730.19
429,64030,LAKEPORT UNIFIED,16.0,478.0,782.0,34.0,145.0,1.0,78.0,1534.0,14059000.0,9164.93
430,69492,LAKESIDE JOINT,0.0,13.0,48.0,6.0,0.0,0.0,19.0,86.0,673000.0,7825.58
431,63552,LAKESIDE UNION,83.0,798.0,333.0,96.0,9.0,8.0,47.0,1374.0,13628000.0,9918.49
432,63966,LAKESIDE UNION ELEMENTARY,17.0,278.0,14.0,13.0,0.0,0.0,12.0,334.0,4071000.0,12188.62
433,63966,LAKESIDE UNION ELEMENTARY,196.0,1932.0,3569.0,182.0,110.0,29.0,295.0,6313.0,56015000.0,8872.96
434,76760,LAMMERSVILLE JOINT UNIFIED,300.0,860.0,1067.0,1901.0,25.0,26.0,343.0,4522.0,35212000.0,7786.82
435,63560,LAMONT ELEMENTARY,4.0,3012.0,43.0,8.0,0.0,1.0,7.0,3075.0,41138000.0,13378.21
436,64667,LANCASTER ELEMENTARY,4447.0,7855.0,1943.0,336.0,56.0,27.0,549.0,15213.0,163182000.0,10726.48
437,65367,LARKSPUR-CORTE MADERA,7.0,180.0,1078.0,69.0,2.0,5.0,182.0,1523.0,10862000.0,7131.98
438,68957,LAS LOMITAS ELEMENTARY,17.0,138.0,654.0,192.0,2.0,6.0,377.0,1386.0,10369000.0,7481.24
439,64683,LAS VIRGENES UNIFIED,288.0,1253.0,8569.0,860.0,77.0,18.0,482.0,11547.0,76699000.0,6642.33
440,10181,LASSEN COUNTY OFFICE OF EDUCATION,1.0,1.0,9.0,0.0,0.0,0.0,2.0,13.0,11513000.0,885615.38
441,64139,LASSEN UNION HIGH,19.0,123.0,562.0,22.0,60.0,18.0,2.0,806.0,7032000.0,8724.57
442,71563,LASSEN VIEW UNION ELEMENTARY,2.0,70.0,214.0,0.0,8.0,0.0,4.0,298.0,2565000.0,8607.38
443,62281,LATON JOINT UNIFIED,9.0,572.0,86.0,1.0,0.0,0.0,32.0,700.0,8509000.0,12155.71
444,61911,LATROBE,0.0,16.0,111.0,4.0,2.0,0.0,10.0,143.0,1618000.0,11314.69
445,64691,LAWNDALE ELEMENTARY,596.0,4599.0,271.0,313.0,6.0,44.0,199.0,6028.0,151738000.0,25172.2
446,73916,LAYTONVILLE UNIFIED,1.0,53.0,242.0,5.0,48.0,0.0,44.0,393.0,3824000.0,9730.28
447,65722,LE GRAND UNION ELEMENTARY,3.0,360.0,32.0,2.0,0.0,0.0,4.0,401.0,4509000.0,11244.39
448,65730,LE GRAND UNION HIGH,4.0,432.0,31.0,3.0,6.0,0.0,27.0,503.0,6563000.0,13047.71
449,75218,LEGGETT VALLEY UNIFIED,1.0,10.0,98.0,0.0,4.0,3.0,3.0,119.0,2619000.0,22008.4
450,68205,LEMON GROVE,602.0,2302.0,377.0,210.0,26.0,32.0,248.0,3797.0,43873000.0,11554.65
451,63974,LEMOORE UNION ELEMENTARY,144.0,2130.0,656.0,144.0,24.0,12.0,139.0,3249.0,34872000.0,10733.15
452,63982,LEMOORE UNION HIGH,130.0,1207.0,571.0,146.0,73.0,19.0,35.0,2181.0,27232000.0,12486.02
453,64709,LENNOX,296.0,6376.0,30.0,29.0,4.0,28.0,454.0,7217.0,77946000.0,10800.33
454,71746,LEWISTON ELEMENTARY,0.0,7.0,52.0,1.0,1.0,0.0,1.0,62.0,679000.0,10951.61
455,70797,LIBERTY ELEMENTARY,85.0,171.0,639.0,43.0,10.0,7.0,168.0,1123.0,4530000.0,4033.84
456,70797,LIBERTY ELEMENTARY,15.0,332.0,199.0,4.0,3.0,0.0,20.0,573.0,4960000.0,8656.2
457,61721,LIBERTY UNION HIGH,750.0,2781.0,3491.0,770.0,36.0,56.0,315.0,8199.0,66952000.0,8165.87
458,65375,LINCOLN ELEMENTARY,0.0,1.0,9.0,0.0,0.0,0.0,2.0,12.0,370000.0,30833.33
459,68569,LINCOLN UNIFIED,1166.0,4427.0,2143.0,1252.0,48.0,108.0,294.0,9438.0,102855000.0,10897.97
460,68577,LINDEN UNIFIED,15.0,1302.0,774.0,65.0,27.0,4.0,27.0,2214.0,21148000.0,9551.94
461,71993,LINDSAY UNIFIED,9.0,3908.0,158.0,87.0,7.0,0.0,22.0,4191.0,66751000.0,15927.23
462,63586,LINNS VALLEY-POSO FLAT UNION,0.0,3.0,18.0,0.0,0.0,0.0,1.0,22.0,436000.0,19818.18
463,64717,LITTLE LAKE CITY ELEMENTARY,78.0,4031.0,197.0,90.0,11.0,9.0,38.0,4454.0,47522000.0,10669.51
464,70383,LITTLE SHASTA ELEMENTARY,0.0,1.0,6.0,0.0,2.0,0.0,2.0,11.0,276000.0,25090.91
465,69765,LIVE OAK ELEMENTARY,53.0,1116.0,665.0,92.0,26.0,11.0,106.0,2069.0,26113000.0,12621.07
466,71399,LIVE OAK UNIFIED,6.0,1079.0,462.0,219.0,18.0,5.0,17.0,1806.0,22414000.0,12410.85
467,61200,LIVERMORE VALLEY JOINT UNIFIED,222.0,4253.0,6875.0,1413.0,46.0,42.0,1133.0,13984.0,110398000.0,7894.59
468,65748,LIVINGSTON UNION,10.0,2151.0,84.0,246.0,14.0,10.0,7.0,2522.0,31364000.0,12436.16
469,68585,LODI UNIFIED,2140.0,13661.0,6829.0,6516.0,145.0,227.0,1279.0,30797.0,317853000.0,10320.91
470,62927,LOLETA UNION ELEMENTARY,1.0,78.0,134.0,12.0,45.0,3.0,32.0,305.0,3769000.0,12357.38
471,69500,LOMA PRIETA JOINT UNION ELEMENTARY,2.0,43.0,375.0,25.0,1.0,1.0,60.0,507.0,3398000.0,6702.17
472,69229,LOMPOC UNIFIED,316.0,6554.0,2430.0,282.0,50.0,29.0,478.0,10139.0,93096000.0,9181.97
473,63289,LONE PINE UNIFIED,2.0,158.0,70.0,7.0,44.0,0.0,18.0,299.0,2090000.0,6989.97
474,64725,LONG BEACH UNIFIED,10157.0,43148.0,10090.0,8094.0,152.0,1152.0,3635.0,76428.0,914887000.0,11970.57
475,66845,LOOMIS UNION ELEMENTARY,34.0,530.0,3272.0,150.0,39.0,4.0,164.0,4193.0,20200000.0,4817.55
476,73924,LOS ALAMITOS UNIFIED,275.0,2513.0,4777.0,1565.0,21.0,60.0,693.0,9904.0,70028000.0,7070.68
477,69518,LOS ALTOS ELEMENTARY,23.0,360.0,2142.0,1468.0,8.0,5.0,521.0,4527.0,26848000.0,5930.64
478,10199,LOS ANGELES COUNTY OFFICE OF EDUCATION,1121.0,4701.0,670.0,260.0,21.0,8.0,154.0,6935.0,711375000.0,102577.51
479,64733,LOS ANGELES UNIFIED,52837.0,468734.0,63828.0,35432.0,1226.0,1797.0,9767.0,633621.0,8441222000.0,13322.19
480,65755,LOS BANOS UNIFIED,191.0,8755.0,1372.0,190.0,51.0,100.0,126.0,10785.0,120580000.0,11180.34
481,69526,LOS GATOS UNION ELEMENTARY,18.0,247.0,2199.0,615.0,20.0,5.0,159.0,3263.0,14423000.0,4420.17
482,69534,LOS GATOS-SARATOGA JOINT UNION HIGH,15.0,241.0,1705.0,1035.0,2.0,6.0,342.0,3346.0,18094000.0,5407.65
483,71571,LOS MOLINOS UNIFIED,0.0,278.0,269.0,9.0,9.0,0.0,28.0,593.0,6460000.0,10893.76
484,64758,LOS NIETOS,8.0,1567.0,32.0,10.0,2.0,6.0,20.0,1645.0,19399000.0,11792.71
485,69245,LOS OLIVOS ELEMENTARY,0.0,33.0,104.0,1.0,0.0,0.0,8.0,146.0,904000.0,6191.78
486,63594,LOST HILLS UNION ELEMENTARY,2.0,560.0,1.0,2.0,0.0,0.0,2.0,567.0,6195000.0,10925.93
487,64766,LOWELL JOINT,50.0,2114.0,785.0,119.0,3.0,10.0,72.0,3153.0,24109000.0,7646.37
488,64048,LUCERNE ELEMENTARY,5.0,73.0,151.0,2.0,10.0,0.0,23.0,264.0,2765000.0,10473.48
489,75051,LUCERNE VALLEY UNIFIED,92.0,856.0,1239.0,133.0,17.0,6.0,295.0,2638.0,10849000.0,4112.59
490,68759,LUCIA MAR UNIFIED,76.0,4614.0,5191.0,281.0,50.0,24.0,385.0,10621.0,60964000.0,5739.95
491,69542,LUTHER BURBANK,11.0,481.0,11.0,6.0,0.0,1.0,10.0,520.0,5715000.0,10990.38
492,64774,LYNWOOD UNIFIED,735.0,13583.0,111.0,23.0,4.0,32.0,9.0,14497.0,186362000.0,12855.21
493,65243,MADERA UNIFIED,350.0,18586.0,1330.0,264.0,90.0,11.0,148.0,20779.0,249007000.0,11983.59
494,66589,MAGNOLIA ELEMENTARY,187.0,4478.0,607.0,818.0,47.0,66.0,74.0,6277.0,72416000.0,11536.72
495,63172,MAGNOLIA UNION ELEMENTARY,0.0,58.0,72.0,5.0,0.0,0.0,1.0,136.0,1365000.0,10036.76
496,73692,MAMMOTH UNIFIED,2.0,713.0,455.0,15.0,1.0,2.0,23.0,1211.0,5582000.0,4609.41
497,65573,MANCHESTER UNION ELEMENTARY,0.0,31.0,16.0,0.0,0.0,0.0,0.0,47.0,296000.0,6297.87
498,75333,MANHATTAN BEACH UNIFIED,126.0,807.0,4202.0,714.0,6.0,7.0,914.0,6776.0,48566000.0,7167.36
499,68593,MANTECA UNIFIED,1628.0,12871.0,4669.0,3154.0,107.0,213.0,758.0,23400.0,251007000.0,10726.79
500,61499,MANZANITA ELEMENTARY,0.0,109.0,139.0,19.0,2.0,0.0,19.0,288.0,2676000.0,9291.67
501,62935,MAPLE CREEK ELEMENTARY,1.0,1.0,5.0,0.0,1.0,0.0,4.0,12.0,361000.0,30083.33
502,63610,MAPLE ELEMENTARY,0.0,196.0,95.0,1.0,0.0,0.0,0.0,292.0,2989000.0,10236.3
503,71407,MARCUM-ILLINOIS UNION ELEMENTARY,54.0,385.0,1543.0,68.0,29.0,17.0,319.0,2415.0,2427000.0,1004.97
504,63628,MARICOPA UNIFIED,277.0,1187.0,2040.0,80.0,44.0,12.0,332.0,3972.0,6554000.0,1650.05
505,10215,MARIN COUNTY OFFICE OF EDUCATION,10.0,89.0,80.0,17.0,2.0,0.0,15.0,213.0,62734000.0,294525.82
506,10223,MARIPOSA COUNTY OFFICE OF EDUCATION,0.0,7.0,31.0,0.0,2.0,0.0,2.0,42.0,4207000.0,100166.67
507,65532,MARIPOSA COUNTY UNIFIED,10.0,332.0,1263.0,27.0,75.0,0.0,132.0,1839.0,11126000.0,6050.03
508,61572,MARK TWAIN UNION ELEMENTARY,8.0,170.0,580.0,13.0,19.0,0.0,43.0,833.0,5172000.0,6208.88
509,70805,MARK WEST UNION ELEMENTARY,14.0,423.0,854.0,61.0,25.0,8.0,90.0,1475.0,10925000.0,7406.78
510,61739,MARTINEZ UNIFIED,105.0,1264.0,1978.0,265.0,8.0,16.0,498.0,4134.0,32314000.0,7816.64
511,72736,MARYSVILLE JOINT UNIFIED,363.0,4206.0,3752.0,925.0,269.0,41.0,430.0,9986.0,110891000.0,11104.65
512,75382,MATTOLE UNIFIED,6.0,99.0,526.0,2.0,24.0,1.0,79.0,737.0,7887000.0,10701.49
513,61606,MAXWELL UNIFIED,0.0,166.0,128.0,3.0,13.0,2.0,14.0,326.0,3352000.0,10282.21
514,63180,MCCABE UNION ELEMENTARY,4.0,1174.0,159.0,47.0,0.0,1.0,4.0,1389.0,11842000.0,8525.56
515,70409,MCCLOUD UNION ELEMENTARY,0.0,11.0,43.0,0.0,3.0,0.0,9.0,66.0,708000.0,10727.27
516,73908,MCFARLAND UNIFIED,15.0,3496.0,29.0,29.0,1.0,0.0,0.0,3570.0,42950000.0,12030.81
517,62950,MCKINLEYVILLE UNION ELEMENTARY,10.0,167.0,748.0,14.0,95.0,5.0,112.0,1151.0,7679000.0,6671.59
518,63651,MCKITTRICK ELEMENTARY,0.0,13.0,61.0,0.0,1.0,0.0,2.0,77.0,674000.0,8753.25
519,65763,MCSWAIN UNION ELEMENTARY,4.0,360.0,403.0,53.0,3.0,2.0,34.0,859.0,7509000.0,8741.56
520,63198,MEADOWS UNION ELEMENTARY,5.0,413.0,65.0,0.0,1.0,2.0,2.0,488.0,6424000.0,13163.93
521,10231,MENDOCINO COUNTY OFFICE OF EDUCATION,2.0,35.0,21.0,0.0,11.0,1.0,1.0,71.0,31218000.0,439690.14
522,65581,MENDOCINO UNIFIED,6.0,55.0,416.0,14.0,7.0,5.0,14.0,517.0,6499000.0,12570.6
523,75127,MENDOTA UNIFIED,2.0,3258.0,48.0,3.0,1.0,0.0,27.0,3339.0,43739000.0,13099.43
524,67116,MENIFEE UNION ELEMENTARY,720.0,5065.0,4481.0,687.0,55.0,67.0,601.0,11676.0,108640000.0,9304.56
525,68965,MENLO PARK CITY ELEMENTARY,35.0,460.0,1786.0,321.0,4.0,36.0,357.0,2999.0,20835000.0,6947.32
526,65771,MERCED CITY ELEMENTARY,563.0,7232.0,1611.0,1104.0,31.0,19.0,342.0,10902.0,132145000.0,12121.17
527,10249,MERCED COUNTY OFFICE OF EDUCATION,54.0,792.0,206.0,24.0,0.0,6.0,22.0,1104.0,126097000.0,114218.3
528,73726,MERCED RIVER UNION ELEMENTARY,1.0,112.0,51.0,0.0,2.0,0.0,9.0,175.0,1555000.0,8885.71
529,65789,MERCED UNION HIGH,426.0,6962.0,1724.0,1037.0,56.0,25.0,147.0,10377.0,130431000.0,12569.24
530,71415,MERIDIAN ELEMENTARY,129.0,197.0,585.0,52.0,6.0,14.0,107.0,1090.0,1502000.0,1377.98
531,72470,MESA UNION ELEMENTARY,23.0,566.0,527.0,74.0,5.0,4.0,77.0,1276.0,5472000.0,4288.4
532,64055,MIDDLETOWN UNIFIED,3.0,389.0,1148.0,20.0,21.0,4.0,95.0,1680.0,15409000.0,9172.02
533,63669,MIDWAY ELEMENTARY,0.0,8.0,73.0,0.0,1.0,0.0,3.0,85.0,660000.0,7764.71
534,65391,MILL VALLEY ELEMENTARY,22.0,238.0,2415.0,147.0,7.0,5.0,294.0,3128.0,29202000.0,9335.68
535,68973,MILLBRAE ELEMENTARY,22.0,464.0,504.0,1223.0,3.0,48.0,168.0,2432.0,15902000.0,6538.65
536,70052,MILLVILLE ELEMENTARY,0.0,13.0,218.0,2.0,2.0,0.0,16.0,251.0,2049000.0,8163.35
537,73387,MILPITAS UNIFIED,218.0,2089.0,621.0,6838.0,37.0,84.0,373.0,10260.0,85519000.0,8335.19
538,66084,MISSION UNION ELEMENTARY,0.0,93.0,28.0,4.0,0.0,0.0,1.0,126.0,1348000.0,10698.41
539,71167,MODESTO CITY ELEMENTARY,364.0,10546.0,2501.0,673.0,57.0,87.0,1102.0,15330.0,0.0,0.0
540,71175,MODESTO CITY HIGH,537.0,8547.0,4067.0,948.0,57.0,135.0,1097.0,15388.0,0.0,0.0
541,10256,MODOC COUNTY OFFICE OF EDUCATION,4.0,13.0,14.0,0.0,1.0,0.0,1.0,33.0,7153000.0,216757.58
542,73585,MODOC JOINT UNIFIED,10.0,130.0,595.0,18.0,68.0,0.0,26.0,847.0,8227000.0,9713.11
543,63677,MOJAVE UNIFIED,855.0,1184.0,525.0,22.0,23.0,5.0,121.0,2735.0,27038000.0,9885.92
544,10264,MONO COUNTY OFFICE OF EDUCATION,77.0,210.0,72.0,18.0,0.0,1.0,5.0,383.0,11691000.0,30524.8
545,62323,MONROE ELEMENTARY,0.0,159.0,4.0,7.0,0.0,0.0,0.0,170.0,2209000.0,12994.12
546,64790,MONROVIA UNIFIED,356.0,3558.0,1140.0,405.0,11.0,13.0,118.0,5601.0,66353000.0,11846.63
547,72009,MONSON-SULTANA JOINT UNION ELEMENTARY,0.0,401.0,35.0,1.0,0.0,1.0,2.0,440.0,5286000.0,12013.64
548,70417,MONTAGUE ELEMENTARY,1.0,27.0,75.0,1.0,10.0,4.0,57.0,175.0,2471000.0,14120.0
549,70813,MONTE RIO UNION ELEMENTARY,1.0,9.0,62.0,2.0,0.0,0.0,16.0,90.0,1078000.0,11977.78
550,64808,MONTEBELLO UNIFIED,74.0,26222.0,299.0,603.0,54.0,18.0,128.0,27398.0,365427000.0,13337.73
551,69252,MONTECITO UNION ELEMENTARY,4.0,26.0,356.0,4.0,1.0,0.0,22.0,413.0,1443000.0,3493.95
552,10272,MONTEREY COUNTY OFFICE OF EDUCATION,37.0,1030.0,575.0,68.0,8.0,6.0,173.0,1897.0,141029000.0,74343.17
553,66092,MONTEREY PENINSULA UNIFIED,530.0,6194.0,2123.0,927.0,31.0,210.0,717.0,10732.0,95264000.0,8876.63
554,70821,MONTGOMERY ELEMENTARY,0.0,3.0,23.0,2.0,0.0,0.0,0.0,28.0,294000.0,10500.0
555,73940,MOORPARK UNIFIED,85.0,2983.0,2719.0,389.0,8.0,9.0,279.0,6472.0,53737000.0,8303.0
556,61747,MORAGA ELEMENTARY,16.0,158.0,1145.0,313.0,3.0,2.0,261.0,1898.0,15142000.0,7977.87
557,69575,MORELAND,116.0,1501.0,1283.0,1517.0,32.0,15.0,316.0,4780.0,35276000.0,7379.92
558,67124,MORENO VALLEY UNIFIED,4742.0,23647.0,2555.0,1186.0,90.0,260.0,872.0,33352.0,477830000.0,14326.88
559,69583,MORGAN HILL UNIFIED,166.0,4571.0,2971.0,977.0,45.0,35.0,372.0,9137.0,52248000.0,5718.29
560,67777,MORONGO UNIFIED,625.0,2627.0,4463.0,233.0,55.0,75.0,388.0,8466.0,98201000.0,11599.46
561,61929,MOTHER LODE UNION ELEMENTARY,8.0,370.0,633.0,8.0,29.0,1.0,36.0,1085.0,8588000.0,7915.21
562,69617,MOUNT PLEASANT ELEMENTARY,47.0,1750.0,78.0,371.0,11.0,31.0,83.0,2371.0,77394000.0,32641.92
563,69773,MOUNTAIN ELEMENTARY,0.0,9.0,101.0,1.0,0.0,0.0,7.0,118.0,688000.0,5830.51
564,68213,MOUNTAIN EMPIRE UNIFIED,82.0,1429.0,976.0,43.0,77.0,8.0,166.0,2781.0,19438000.0,6989.57
565,61218,MOUNTAIN HOUSE ELEMENTARY,0.0,6.0,8.0,0.0,2.0,0.0,0.0,16.0,368000.0,23000.0
566,73700,MOUNTAIN UNION ELEMENTARY,1.0,27.0,30.0,0.0,13.0,0.0,5.0,76.0,634000.0,8342.11
567,75028,MOUNTAIN VALLEY UNIFIED,0.0,34.0,147.0,35.0,18.0,1.0,38.0,273.0,3850000.0,14102.56
568,64816,MOUNTAIN VIEW ELEMENTARY,14.0,6628.0,1.0,370.0,3.0,1.0,35.0,7052.0,99413000.0,14097.14
569,64816,MOUNTAIN VIEW ELEMENTARY,191.0,1866.0,295.0,123.0,2.0,1.0,80.0,2558.0,24881000.0,9726.74
570,69591,MOUNTAIN VIEW WHISMAN,79.0,2041.0,1546.0,895.0,2.0,28.0,534.0,5125.0,34157000.0,6664.78
571,69609,MOUNTAIN VIEW-LOS ALTOS UNION HIGH,64.0,1062.0,1702.0,992.0,3.0,20.0,233.0,4076.0,26493000.0,6499.75
572,67793,MT. BALDY JOINT ELEMENTARY,3.0,37.0,56.0,5.0,1.0,0.0,4.0,106.0,1136000.0,10716.98
573,61754,MT. DIABLO UNIFIED,1223.0,13298.0,10318.0,3797.0,77.0,227.0,2863.0,31803.0,280390000.0,8816.46
574,70425,MT. SHASTA UNION ELEMENTARY,16.0,62.0,462.0,13.0,9.0,5.0,13.0,580.0,4488000.0,7737.93
575,63206,MULBERRY ELEMENTARY,2.0,45.0,36.0,3.0,0.0,0.0,4.0,90.0,816000.0,9066.67
576,72504,MUPU ELEMENTARY,4.0,139.0,103.0,4.0,2.0,1.0,15.0,268.0,1524000.0,5686.57
577,63685,MUROC JOINT UNIFIED,148.0,494.0,924.0,78.0,12.0,8.0,217.0,1881.0,21722000.0,11548.11
578,75200,MURRIETA VALLEY UNIFIED,1196.0,8227.0,9821.0,1881.0,69.0,170.0,1550.0,22914.0,203826000.0,8895.26
579,10280,NAPA COUNTY OFFICE OF EDUCATION,2.0,111.0,19.0,0.0,0.0,2.0,2.0,136.0,50271000.0,369639.71
580,66266,NAPA VALLEY UNIFIED,417.0,9864.0,5410.0,1648.0,49.0,59.0,733.0,18180.0,99968000.0,5498.79
581,68221,NATIONAL ELEMENTARY,93.0,4941.0,137.0,583.0,6.0,34.0,134.0,5928.0,74173000.0,12512.31
582,75283,NATOMAS UNIFIED,2552.0,4751.0,2624.0,2983.0,92.0,252.0,1377.0,14631.0,153360000.0,10481.85
583,67801,NEEDLES UNIFIED,21.0,235.0,475.0,11.0,173.0,2.0,35.0,952.0,12522000.0,13153.36
584,66340,NEVADA CITY ELEMENTARY,9.0,72.0,701.0,8.0,9.0,2.0,67.0,868.0,4150000.0,4781.11
585,10298,NEVADA COUNTY OFFICE OF EDUCATION,225.0,1082.0,1679.0,35.0,41.0,8.0,202.0,3272.0,35605000.0,10881.72
586,66357,NEVADA JOINT UNION HIGH,23.0,320.0,2337.0,46.0,41.0,6.0,89.0,2862.0,20635000.0,7209.99
587,61242,NEW HAVEN UNIFIED,686.0,4490.0,736.0,5065.0,52.0,256.0,608.0,11893.0,116114000.0,9763.22
588,68619,NEW HOPE ELEMENTARY,8.0,170.0,15.0,3.0,0.0,0.0,3.0,199.0,2411000.0,12115.58
589,68627,NEW JERUSALEM ELEMENTARY,574.0,1823.0,1373.0,399.0,41.0,29.0,349.0,4588.0,26379000.0,5749.56
590,61234,NEWARK UNIFIED,236.0,3146.0,795.0,1261.0,10.0,113.0,271.0,5832.0,52307000.0,8968.96
591,66852,NEWCASTLE ELEMENTARY,24.0,258.0,1488.0,272.0,6.0,0.0,209.0,2257.0,11260000.0,4988.92
592,64832,NEWHALL,153.0,3223.0,2071.0,838.0,21.0,8.0,392.0,6706.0,54148000.0,8074.56
593,73601,NEWMAN-CROWS LANDING UNIFIED,55.0,2285.0,546.0,30.0,4.0,13.0,70.0,3003.0,32162000.0,10709.96
594,66597,NEWPORT-MESA UNIFIED,197.0,9635.0,9608.0,1170.0,39.0,105.0,760.0,21514.0,90586000.0,4210.56
595,65409,NICASIO,0.0,13.0,27.0,3.0,0.0,0.0,0.0,43.0,418000.0,9720.93
596,63693,NORRIS ELEMENTARY,58.0,1152.0,2322.0,212.0,43.0,4.0,307.0,4098.0,36426000.0,8888.73
597,67504,NORTH COUNTY JOINT UNION ELEMENTARY,2.0,437.0,273.0,1.0,0.0,0.0,41.0,754.0,5092000.0,6753.32
598,70078,NORTH COW CREEK ELEMENTARY,2.0,17.0,214.0,4.0,7.0,0.0,19.0,263.0,2300000.0,8745.25
599,73825,NORTH MONTEREY COUNTY UNIFIED,15.0,3852.0,611.0,58.0,12.0,13.0,52.0,4613.0,46145000.0,10003.25
600,62687,NORTHERN HUMBOLDT UNION HIGH,13.0,184.0,1202.0,33.0,90.0,4.0,213.0,1739.0,17790000.0,10230.02
601,64840,NORWALK-LA MIRADA UNIFIED,479.0,14675.0,1600.0,1246.0,30.0,80.0,264.0,18374.0,219212000.0,11930.55
602,65417,NOVATO UNIFIED,217.0,2773.0,3906.0,466.0,51.0,15.0,441.0,7869.0,58681000.0,7457.24
603,71423,NUESTRO ELEMENTARY,22.0,69.0,319.0,40.0,6.0,0.0,34.0,490.0,4640000.0,9469.39
604,67157,NUVIEW UNION,311.0,2084.0,433.0,45.0,12.0,10.0,77.0,2972.0,25867000.0,8703.57
605,69625,OAK GROVE ELEMENTARY,373.0,4982.0,1851.0,2478.0,29.0,81.0,568.0,10362.0,82148000.0,7927.81
606,70839,OAK GROVE UNION ELEMENTARY,13.0,371.0,633.0,24.0,12.0,1.0,85.0,1139.0,8966000.0,7871.82
607,73874,OAK PARK UNIFIED,64.0,427.0,2848.0,1039.0,18.0,7.0,181.0,4584.0,35715000.0,7791.23
608,70086,OAK RUN ELEMENTARY,0.0,1.0,54.0,0.0,1.0,0.0,8.0,64.0,615000.0,9609.38
609,72017,OAK VALLEY UNION ELEMENTARY,8.0,418.0,127.0,2.0,6.0,0.0,3.0,564.0,5912000.0,10482.27
610,68635,OAK VIEW UNION ELEMENTARY,1.0,178.0,193.0,9.0,1.0,4.0,16.0,402.0,3631000.0,9032.34
611,75564,OAKDALE JOINT UNIFIED,29.0,1954.0,3034.0,102.0,46.0,14.0,98.0,5277.0,45692000.0,8658.71
612,61259,OAKLAND UNIFIED,12412.0,22333.0,4919.0,6833.0,139.0,447.0,2626.0,49709.0,528417000.0,10630.21
613,61762,OAKLEY UNION ELEMENTARY,477.0,2298.0,1644.0,331.0,28.0,27.0,210.0,5015.0,40597000.0,8095.11
614,66613,OCEAN VIEW,27.0,2331.0,152.0,100.0,3.0,4.0,24.0,2641.0,31745000.0,12020.07
615,66613,OCEAN VIEW,99.0,3325.0,3243.0,1284.0,22.0,24.0,470.0,8467.0,64757000.0,7648.16
616,73569,OCEANSIDE UNIFIED,1006.0,11334.0,5579.0,987.0,74.0,383.0,1266.0,20629.0,188362000.0,9130.93
617,72520,OJAI UNIFIED,19.0,894.0,1498.0,42.0,14.0,5.0,65.0,2537.0,18422000.0,7261.33
618,70847,OLD ADOBE UNION,26.0,853.0,913.0,80.0,8.0,9.0,103.0,1992.0,14982000.0,7521.08
619,67819,ONTARIO-MONTCLAIR,515.0,19375.0,730.0,551.0,139.0,56.0,299.0,21665.0,273860000.0,12640.66
620,62331,ORANGE CENTER,53.0,417.0,225.0,80.0,13.0,0.0,44.0,832.0,4858000.0,5838.94
621,10306,ORANGE COUNTY DEPARTMENT OF EDUCATION,125.0,3858.0,1527.0,349.0,33.0,37.0,304.0,6233.0,306354000.0,49150.33
622,66621,ORANGE UNIFIED,362.0,15693.0,8175.0,3302.0,55.0,88.0,847.0,28522.0,191413000.0,6711.07
623,69633,ORCHARD ELEMENTARY,30.0,339.0,56.0,393.0,4.0,24.0,48.0,894.0,6190000.0,6923.94
624,69260,ORCUTT UNION ELEMENTARY,42.0,2457.0,2240.0,144.0,37.0,14.0,340.0,5274.0,42772000.0,8109.97
625,62968,ORICK ELEMENTARY,0.0,0.0,13.0,0.0,0.0,0.0,1.0,14.0,441000.0,31500.0
626,61770,ORINDA UNION ELEMENTARY,36.0,128.0,1712.0,470.0,13.0,4.0,179.0,2542.0,20909000.0,8225.41
627,75481,ORLAND JOINT UNIFIED,6.0,1359.0,734.0,68.0,18.0,0.0,16.0,2201.0,21325000.0,9688.78
628,61507,OROVILLE CITY ELEMENTARY,85.0,454.0,1478.0,226.0,98.0,10.0,345.0,2696.0,29027000.0,10766.69
629,61515,OROVILLE UNION HIGH,74.0,432.0,1078.0,311.0,148.0,9.0,81.0,2133.0,25638000.0,12019.69
630,72025,OUTSIDE CREEK ELEMENTARY,0.0,83.0,27.0,1.0,0.0,0.0,1.0,112.0,1145000.0,10223.21
631,63297,OWENS VALLEY UNIFIED,0.0,34.0,35.0,0.0,10.0,0.0,5.0,84.0,455000.0,5416.67
632,72538,OXNARD,195.0,15564.0,577.0,343.0,18.0,29.0,96.0,16822.0,201360000.0,11970.04
633,72546,OXNARD UNION HIGH,285.0,13191.0,2429.0,958.0,23.0,56.0,326.0,17268.0,170422000.0,9869.24
634,70094,PACHECO UNION ELEMENTARY,2.0,86.0,462.0,18.0,19.0,0.0,26.0,613.0,5436000.0,8867.86
635,69781,PACIFIC ELEMENTARY,0.0,35.0,62.0,1.0,0.0,0.0,8.0,106.0,1380000.0,13018.87
636,66134,PACIFIC GROVE UNIFIED,37.0,357.0,1288.0,214.0,6.0,14.0,162.0,2078.0,12170000.0,5856.59
637,62356,PACIFIC UNION ELEMENTARY,5.0,127.0,347.0,8.0,19.0,0.0,63.0,569.0,4581000.0,8050.97
638,62356,PACIFIC UNION ELEMENTARY,5.0,333.0,42.0,14.0,3.0,0.0,2.0,399.0,5370000.0,13458.65
639,68932,PACIFICA,41.0,803.0,1303.0,526.0,8.0,29.0,440.0,3150.0,20886000.0,6630.48
640,69799,PAJARO VALLEY UNIFIED,99.0,16671.0,3179.0,333.0,33.0,20.0,65.0,20400.0,208092000.0,10200.59
641,61523,PALERMO UNION ELEMENTARY,9.0,432.0,572.0,41.0,69.0,0.0,123.0,1246.0,13792000.0,11069.02
642,67173,PALM SPRINGS UNIFIED,1157.0,17848.0,2791.0,721.0,103.0,32.0,435.0,23087.0,285143000.0,12350.8
643,64857,PALMDALE ELEMENTARY,3364.0,16769.0,1455.0,333.0,167.0,31.0,269.0,22388.0,328583000.0,14676.75
644,69641,PALO ALTO UNIFIED,226.0,1507.0,4920.0,4372.0,22.0,103.0,1109.0,12259.0,82534000.0,6732.52
645,67181,PALO VERDE UNIFIED,203.0,2146.0,637.0,32.0,17.0,7.0,54.0,3096.0,32940000.0,10639.53
646,72033,PALO VERDE UNION ELEMENTARY,1.0,460.0,64.0,0.0,6.0,0.0,4.0,535.0,6218000.0,11622.43
647,64865,PALOS VERDES PENINSULA UNIFIED,266.0,1390.0,5480.0,3447.0,26.0,19.0,800.0,11428.0,87866000.0,7688.66
648,63362,PANAMA-BUENA VISTA UNION,1640.0,10176.0,3840.0,1656.0,66.0,99.0,423.0,17900.0,192193000.0,10737.04
649,67520,PANOCHE ELEMENTARY,0.0,6.0,0.0,0.0,0.0,0.0,0.0,6.0,68000.0,11333.33
650,71209,PARADISE ELEMENTARY,1.0,57.0,6.0,0.0,0.0,0.0,135.0,199.0,1847000.0,9281.41
651,61531,PARADISE UNIFIED,25.0,582.0,3213.0,51.0,73.0,6.0,308.0,4258.0,33962000.0,7976.05
652,64873,PARAMOUNT UNIFIED,1181.0,13617.0,182.0,183.0,13.0,104.0,125.0,15405.0,192341000.0,12485.62
653,62364,PARLIER UNIFIED,1.0,3384.0,30.0,15.0,4.0,0.0,1.0,3435.0,45609000.0,13277.73
654,64881,PASADENA UNIFIED,2382.0,10833.0,3274.0,1236.0,59.0,42.0,584.0,18410.0,174477000.0,9477.29
655,75457,PASO ROBLES JOINT UNIFIED,99.0,3620.0,2742.0,75.0,29.0,17.0,218.0,6800.0,41154000.0,6052.06
656,71217,PATTERSON JOINT UNIFIED,348.0,4433.0,737.0,228.0,26.0,101.0,189.0,6062.0,64392000.0,10622.24
657,62984,PENINSULA UNION,2.0,3.0,29.0,0.0,1.0,0.0,1.0,36.0,661000.0,18361.11
658,76877,PENN VALLEY UNION ELEMENTARY,4.0,67.0,472.0,8.0,12.0,0.0,37.0,600.0,3528000.0,5880.0
659,67199,PERRIS ELEMENTARY,450.0,5231.0,212.0,46.0,8.0,12.0,4.0,5963.0,74791000.0,12542.51
660,67207,PERRIS UNION HIGH,652.0,7700.0,1664.0,357.0,26.0,47.0,350.0,10796.0,118845000.0,11008.24
661,70854,PETALUMA CITY ELEMENTARY,29.0,761.0,1422.0,61.0,15.0,6.0,110.0,2404.0,0.0,0.0
662,70862,PETALUMA JOINT UNION HIGH,66.0,1758.0,3109.0,174.0,31.0,18.0,207.0,5363.0,0.0,0.0
663,61275,PIEDMONT CITY UNIFIED,38.0,207.0,1611.0,359.0,1.0,2.0,474.0,2692.0,32418000.0,12042.35
664,61614,PIERCE JOINT UNIFIED,21.0,1103.0,317.0,19.0,0.0,3.0,17.0,1480.0,14134000.0,9550.0
665,62372,PINE RIDGE ELEMENTARY,0.0,8.0,88.0,0.0,0.0,0.0,0.0,96.0,691000.0,7197.92
666,70870,PINER-OLIVET UNION ELEMENTARY,45.0,646.0,495.0,110.0,22.0,10.0,94.0,1422.0,12753000.0,8968.35
667,73379,PIONEER UNION ELEMENTARY,0.0,14.0,42.0,0.0,1.0,0.0,9.0,66.0,579000.0,8772.73
668,73379,PIONEER UNION ELEMENTARY,1.0,56.0,200.0,4.0,2.0,0.0,40.0,303.0,2115000.0,6980.2
669,73379,PIONEER UNION ELEMENTARY,84.0,721.0,625.0,117.0,18.0,19.0,29.0,1613.0,16083000.0,9970.86
670,61788,PITTSBURG UNIFIED,1967.0,7323.0,625.0,914.0,24.0,178.0,448.0,11479.0,147138000.0,12818.02
671,72041,PIXLEY UNION ELEMENTARY,21.0,1038.0,39.0,6.0,2.0,0.0,0.0,1106.0,14091000.0,12740.51
672,66647,PLACENTIA-YORBA LINDA UNIFIED,339.0,10730.0,9454.0,4359.0,54.0,57.0,741.0,25734.0,199985000.0,7771.24
673,10314,PLACER COUNTY OFFICE OF EDUCATION,14.0,141.0,521.0,17.0,12.0,2.0,68.0,775.0,112644000.0,145347.1
674,66886,PLACER HILLS UNION ELEMENTARY,5.0,53.0,620.0,7.0,7.0,0.0,29.0,721.0,3495000.0,4847.43
675,66894,PLACER UNION HIGH,26.0,555.0,3087.0,49.0,47.0,3.0,287.0,4054.0,27468000.0,6775.53
676,61952,PLACERVILLE UNION ELEMENTARY,5.0,377.0,816.0,10.0,13.0,3.0,69.0,1293.0,10976000.0,8488.79
677,65813,PLAINSBURG UNION ELEMENTARY,0.0,52.0,71.0,0.0,0.0,1.0,0.0,124.0,852000.0,6870.97
678,65821,PLANADA ELEMENTARY,5.0,782.0,15.0,3.0,2.0,0.0,0.0,807.0,9868000.0,12228.0
679,62638,PLAZA ELEMENTARY,0.0,60.0,126.0,2.0,2.0,0.0,10.0,200.0,1633000.0,8165.0
680,71431,PLEASANT GROVE JOINT UNION,1.0,27.0,150.0,4.0,1.0,3.0,8.0,194.0,1553000.0,8005.15
681,66373,PLEASANT RIDGE UNION ELEMENTARY,2.0,111.0,983.0,10.0,6.0,2.0,64.0,1178.0,5660000.0,4804.75
682,72553,PLEASANT VALLEY,203.0,2732.0,3127.0,734.0,27.0,29.0,432.0,7284.0,54581000.0,7493.27
683,68791,PLEASANT VALLEY JOINT UNION ELEMENTARY,0.0,37.0,47.0,1.0,0.0,2.0,12.0,99.0,473000.0,4777.78
684,72058,PLEASANT VIEW ELEMENTARY,0.0,422.0,4.0,32.0,2.0,0.0,16.0,476.0,6442000.0,13533.61
685,75101,PLEASANTON UNIFIED,201.0,1467.0,6330.0,6019.0,23.0,34.0,704.0,14778.0,119783000.0,8105.49
686,10322,PLUMAS COUNTY OFFICE OF EDUCATION,1.0,2.0,18.0,0.0,0.0,0.0,2.0,23.0,3290000.0,143043.48
687,72744,PLUMAS LAKE ELEMENTARY,41.0,321.0,668.0,79.0,15.0,7.0,141.0,1272.0,15388000.0,12097.48
688,66969,PLUMAS UNIFIED,25.0,326.0,1559.0,23.0,77.0,2.0,121.0,2133.0,10907000.0,5113.46
689,65599,POINT ARENA JOINT UNION HIGH,0.0,76.0,59.0,1.0,11.0,0.0,1.0,148.0,0.0,0.0
690,61960,POLLOCK PINES ELEMENTARY,8.0,107.0,525.0,12.0,7.0,2.0,26.0,687.0,5780000.0,8413.39
691,64907,POMONA UNIFIED,1096.0,20746.0,886.0,1114.0,47.0,37.0,279.0,24205.0,351846000.0,14536.09
692,63719,POND UNION ELEMENTARY,0.0,184.0,6.0,4.0,1.0,0.0,1.0,196.0,2073000.0,10576.53
693,66282,POPE VALLEY UNION ELEMENTARY,0.0,35.0,18.0,0.0,2.0,0.0,3.0,58.0,261000.0,4500.0
694,75523,PORTERVILLE UNIFIED,74.0,11554.0,1722.0,391.0,324.0,60.0,243.0,14368.0,186863000.0,13005.5
695,68981,PORTOLA VALLEY ELEMENTARY,8.0,91.0,433.0,34.0,0.0,4.0,57.0,627.0,4647000.0,7411.48
696,73866,POTTER VALLEY COMMUNITY UNIFIED,2.0,107.0,142.0,0.0,10.0,0.0,9.0,270.0,3185000.0,11796.3
697,68296,POWAY UNIFIED,822.0,5299.0,16892.0,9860.0,66.0,132.0,2801.0,35872.0,256743000.0,7157.2
698,62646,PRINCETON JOINT UNIFIED,2.0,101.0,66.0,0.0,0.0,0.0,0.0,169.0,1641000.0,9710.06
699,62380,RAISIN CITY ELEMENTARY,43.0,566.0,47.0,19.0,4.0,0.0,14.0,693.0,10307000.0,14873.02
700,68304,RAMONA CITY UNIFIED,45.0,2035.0,3126.0,44.0,52.0,8.0,213.0,5523.0,42027000.0,7609.45
701,68312,RANCHO SANTA FE ELEMENTARY,5.0,72.0,468.0,45.0,2.0,0.0,49.0,641.0,3747000.0,5845.55
702,64162,RAVENDALE-TERMO ELEMENTARY,9.0,93.0,480.0,5.0,22.0,1.0,50.0,660.0,377000.0,571.21
703,68999,RAVENSWOOD CITY ELEMENTARY,255.0,3209.0,23.0,22.0,4.0,294.0,46.0,3853.0,50464000.0,13097.33
704,65276,RAYMOND-KNOWLES UNION ELEMENTARY,0.0,18.0,48.0,4.0,8.0,0.0,5.0,83.0,627000.0,7554.22
705,71639,RED BLUFF JOINT UNION HIGH,20.0,466.0,1015.0,21.0,53.0,4.0,51.0,1630.0,15097000.0,9261.96
706,71621,RED BLUFF UNION ELEMENTARY,23.0,734.0,1137.0,17.0,63.0,6.0,80.0,2060.0,22460000.0,10902.91
707,70110,REDDING ELEMENTARY,61.0,484.0,2241.0,85.0,109.0,9.0,230.0,3219.0,32244000.0,10016.78
708,67843,REDLANDS UNIFIED,1335.0,10321.0,6238.0,2361.0,79.0,70.0,991.0,21395.0,213530000.0,9980.37
709,75341,REDONDO BEACH UNIFIED,417.0,2284.0,4581.0,1104.0,24.0,44.0,1334.0,9788.0,76512000.0,7816.92
710,69005,REDWOOD CITY ELEMENTARY,91.0,6467.0,1717.0,317.0,7.0,105.0,283.0,8987.0,82528000.0,9183.04
711,65425,REED UNION ELEMENTARY,11.0,59.0,1227.0,112.0,2.0,2.0,117.0,1530.0,9052000.0,5916.34
712,71647,REEDS CREEK ELEMENTARY,1.0,16.0,121.0,0.0,7.0,0.0,6.0,151.0,1321000.0,8748.34
713,73932,REEF-SUNSET UNIFIED,1.0,2567.0,69.0,5.0,3.0,0.0,5.0,2650.0,37583000.0,14182.26
714,61978,RESCUE UNION ELEMENTARY,41.0,580.0,2674.0,234.0,9.0,10.0,172.0,3720.0,25563000.0,6871.77
715,67850,RIALTO UNIFIED,2541.0,21449.0,910.0,346.0,74.0,124.0,240.0,25684.0,326158000.0,12698.88
716,71654,RICHFIELD ELEMENTARY,1.0,109.0,117.0,5.0,2.0,0.0,8.0,242.0,2290000.0,9462.81
717,72082,RICHGROVE ELEMENTARY,0.0,597.0,7.0,16.0,3.0,0.0,0.0,623.0,12257000.0,19674.16
718,63578,RICHLAND UNION ELEMENTARY,11.0,3258.0,155.0,37.0,1.0,2.0,2.0,3466.0,42183000.0,12170.51
719,64170,RICHMOND ELEMENTARY,0.0,19.0,183.0,0.0,1.0,1.0,12.0,216.0,1768000.0,8185.19
720,67868,RIM OF THE WORLD UNIFIED,36.0,1270.0,2011.0,33.0,14.0,6.0,151.0,3521.0,28221000.0,8015.05
721,70896,RINCON VALLEY UNION ELEMENTARY,96.0,983.0,2035.0,212.0,50.0,47.0,129.0,3552.0,31833000.0,8961.99
722,73544,RIO BRAVO-GREELEY UNION ELEMENTARY,13.0,425.0,544.0,18.0,20.0,5.0,8.0,1033.0,8745000.0,8465.63
723,63008,RIO DELL ELEMENTARY,2.0,75.0,216.0,1.0,14.0,0.0,24.0,332.0,3499000.0,10539.16
724,72561,RIO ELEMENTARY,47.0,4418.0,352.0,231.0,13.0,14.0,67.0,5142.0,56468000.0,10981.72
725,68650,RIPON UNIFIED,97.0,1433.0,2101.0,258.0,15.0,18.0,296.0,4218.0,30345000.0,7194.17
726,67413,RIVER DELTA JOINT UNIFIED,35.0,1244.0,902.0,29.0,14.0,6.0,116.0,2346.0,16292000.0,6944.59
727,75556,RIVERBANK UNIFIED,28.0,2338.0,429.0,22.0,9.0,7.0,42.0,2875.0,35358000.0,12298.43
728,75408,RIVERDALE JOINT UNIFIED,13.0,1360.0,236.0,9.0,9.0,1.0,3.0,1631.0,18705000.0,11468.42
729,10330,RIVERSIDE COUNTY OFFICE OF EDUCATION,509.0,4114.0,3174.0,205.0,52.0,27.0,439.0,8520.0,306294000.0,35950.0
730,67215,RIVERSIDE UNIFIED,2937.0,26530.0,9668.0,1924.0,176.0,175.0,1296.0,42706.0,449254000.0,10519.69
731,71233,ROBERTS FERRY UNION ELEMENTARY,1.0,48.0,69.0,1.0,0.0,0.0,12.0,131.0,1306000.0,9969.47
732,67421,ROBLA ELEMENTARY,342.0,1037.0,325.0,420.0,26.0,63.0,71.0,2284.0,28519000.0,12486.43
733,72090,ROCKFORD ELEMENTARY,2.0,180.0,165.0,13.0,3.0,0.0,7.0,370.0,3394000.0,9172.97
734,75085,ROCKLIN UNIFIED,196.0,1900.0,8499.0,1508.0,66.0,54.0,1006.0,13229.0,91287000.0,6900.52
735,67231,ROMOLAND ELEMENTARY,191.0,2607.0,828.0,126.0,8.0,33.0,39.0,3832.0,50969000.0,13300.89
736,63750,ROSEDALE UNION ELEMENTARY,150.0,1847.0,3032.0,330.0,43.0,8.0,209.0,5619.0,60841000.0,10827.73
737,70904,ROSELAND,20.0,2633.0,84.0,36.0,34.0,4.0,41.0,2852.0,44978000.0,15770.69
738,64931,ROSEMEAD ELEMENTARY,4.0,1016.0,48.0,1307.0,3.0,0.0,133.0,2511.0,32583000.0,12976.11
739,66910,ROSEVILLE CITY ELEMENTARY,223.0,2402.0,5528.0,1237.0,60.0,48.0,1056.0,10554.0,91525000.0,8672.07
740,66928,ROSEVILLE JOINT UNION HIGH,403.0,1846.0,6074.0,1234.0,47.0,64.0,536.0,10204.0,78994000.0,7741.47
741,65433,ROSS ELEMENTARY,0.0,24.0,341.0,5.0,1.0,2.0,10.0,383.0,3744000.0,9775.46
742,75002,ROSS VALLEY ELEMENTARY,22.0,210.0,1782.0,82.0,8.0,4.0,125.0,2233.0,17108000.0,7661.44
743,63305,ROUND VALLEY JOINT ELEMENTARY,0.0,22.0,99.0,1.0,7.0,2.0,7.0,138.0,895000.0,6485.51
744,65607,ROUND VALLEY UNIFIED,0.0,124.0,51.0,0.0,250.0,0.0,10.0,435.0,6547000.0,15050.57
745,73452,ROWLAND UNIFIED,304.0,9038.0,530.0,4017.0,21.0,44.0,274.0,14228.0,173721000.0,12209.8
746,67439,SACRAMENTO CITY UNIFIED,7536.0,18460.0,8141.0,8376.0,274.0,932.0,3018.0,46737.0,526876000.0,11273.21
747,10348,SACRAMENTO COUNTY OFFICE OF EDUCATION,1108.0,604.0,223.0,98.0,36.0,27.0,118.0,2214.0,161977000.0,73160.34
748,73635,SADDLEBACK VALLEY UNIFIED,394.0,9636.0,12640.0,3088.0,45.0,66.0,1849.0,27718.0,167910000.0,6057.8
749,66290,SAINT HELENA UNIFIED,4.0,603.0,555.0,14.0,7.0,1.0,15.0,1199.0,7333000.0,6115.93
750,71266,SALIDA UNION ELEMENTARY,101.0,1929.0,904.0,167.0,3.0,21.0,157.0,3282.0,30626000.0,9331.51
751,66142,SALINAS CITY ELEMENTARY,68.0,8162.0,497.0,157.0,5.0,9.0,125.0,9023.0,96553000.0,10700.76
752,66159,SALINAS UNION HIGH,134.0,12877.0,1284.0,534.0,21.0,21.0,74.0,14945.0,159986000.0,10704.98
753,66167,SAN ANTONIO UNION ELEMENTARY,8.0,55.0,75.0,2.0,1.0,0.0,16.0,157.0,1478000.0,9414.01
754,66175,SAN ARDO UNION ELEMENTARY,0.0,91.0,5.0,0.0,0.0,0.0,1.0,97.0,1086000.0,11195.88
755,10355,SAN BENITO COUNTY OFFICE OF EDUCATION,0.0,44.0,4.0,0.0,0.0,0.0,0.0,48.0,15469000.0,322270.83
756,67538,SAN BENITO HIGH,12.0,2149.0,765.0,72.0,6.0,1.0,38.0,3043.0,25291000.0,8311.21
757,67876,SAN BERNARDINO CITY UNIFIED,6420.0,39586.0,3167.0,946.0,260.0,229.0,2544.0,53152.0,700485000.0,13178.9
758,69013,SAN BRUNO PARK ELEMENTARY,48.0,1033.0,571.0,626.0,3.0,144.0,244.0,2669.0,18381000.0,6886.85
759,69021,SAN CARLOS ELEMENTARY,33.0,521.0,2061.0,464.0,2.0,8.0,427.0,3516.0,28387000.0,8073.66
760,10371,SAN DIEGO COUNTY OFFICE OF EDUCATION,223.0,1428.0,821.0,503.0,18.0,12.0,120.0,3125.0,519881000.0,166361.92
761,68338,SAN DIEGO UNIFIED,11087.0,59806.0,29347.0,17202.0,298.0,572.0,9728.0,128040.0,929951000.0,7262.97
762,68346,SAN DIEGUITO UNION HIGH,98.0,1722.0,8459.0,2226.0,43.0,24.0,342.0,12914.0,53932000.0,4176.24
763,10389,SAN FRANCISCO COUNTY OFFICE OF EDUCATION,99.0,119.0,53.0,48.0,5.0,12.0,26.0,362.0,171169000.0,472842.54
764,68478,SAN FRANCISCO UNIFIED,5367.0,18255.0,8467.0,21991.0,244.0,620.0,5189.0,60133.0,471408000.0,7839.42
765,75291,SAN GABRIEL UNIFIED,107.0,2505.0,485.0,2818.0,26.0,10.0,351.0,6302.0,56282000.0,8930.82
766,67249,SAN JACINTO UNIFIED,920.0,7756.0,1645.0,223.0,253.0,70.0,309.0,11176.0,120151000.0,10750.81
767,10397,SAN JOAQUIN COUNTY OFFICE OF EDUCATION,481.0,2338.0,800.0,391.0,31.0,29.0,197.0,4267.0,219542000.0,51451.14
768,69666,SAN JOSE UNIFIED,799.0,17050.0,7701.0,4779.0,111.0,115.0,1449.0,32004.0,185518000.0,5796.71
769,67447,SAN JUAN UNIFIED,3648.0,11260.0,27934.0,3292.0,459.0,390.0,2270.0,49253.0,451314000.0,9163.18
770,61291,SAN LEANDRO UNIFIED,1178.0,4137.0,761.0,2041.0,22.0,107.0,392.0,8638.0,83284000.0,9641.58
771,61309,SAN LORENZO UNIFIED,1248.0,6556.0,942.0,2472.0,34.0,159.0,296.0,11707.0,120108000.0,10259.5
772,69807,SAN LORENZO VALLEY UNIFIED,40.0,799.0,3258.0,217.0,18.0,13.0,576.0,4921.0,21375000.0,4343.63
773,66183,SAN LUCAS UNION ELEMENTARY,0.0,55.0,10.0,0.0,0.0,2.0,1.0,68.0,758000.0,11147.06
774,68809,SAN LUIS COASTAL UNIFIED,67.0,2199.0,4601.0,434.0,29.0,15.0,373.0,7718.0,29428000.0,3812.9
775,73791,SAN MARCOS UNIFIED,396.0,9523.0,9323.0,1523.0,60.0,97.0,48.0,20970.0,205086000.0,9779.97
776,64964,SAN MARINO UNIFIED,19.0,217.0,733.0,1826.0,3.0,7.0,269.0,3074.0,29321000.0,9538.39
777,10413,SAN MATEO COUNTY OFFICE OF EDUCATION,9.0,115.0,41.0,53.0,0.0,12.0,10.0,240.0,164683000.0,686179.17
778,69047,SAN MATEO UNION HIGH,87.0,2847.0,2634.0,2527.0,19.0,213.0,777.0,9104.0,51202000.0,5624.12
779,69039,SAN MATEO-FOSTER CITY,132.0,4097.0,3091.0,3398.0,12.0,279.0,961.0,11970.0,61057000.0,5100.84
780,68825,SAN MIGUEL JOINT UNION,1.0,448.0,402.0,7.0,3.0,0.0,31.0,892.0,7723000.0,8658.07
781,68353,SAN PASQUAL UNION ELEMENTARY,10.0,146.0,341.0,14.0,1.0,0.0,41.0,553.0,4736000.0,8564.2
782,63214,SAN PASQUAL VALLEY UNIFIED,6.0,320.0,16.0,0.0,333.0,0.0,37.0,712.0,13357000.0,18759.83
783,65458,SAN RAFAEL CITY ELEMENTARY,46.0,3194.0,1269.0,183.0,15.0,11.0,40.0,4758.0,40373000.0,8485.29
784,65466,SAN RAFAEL CITY HIGH,38.0,1397.0,868.0,162.0,13.0,9.0,32.0,2519.0,13615000.0,5404.92
785,61804,SAN RAMON VALLEY UNIFIED,541.0,2843.0,13801.0,12621.0,61.0,57.0,2452.0,32376.0,196466000.0,6068.26
786,68379,SAN YSIDRO ELEMENTARY,107.0,4366.0,72.0,207.0,1.0,2.0,60.0,4815.0,48054000.0,9980.06
787,62414,SANGER UNIFIED,142.0,8143.0,1665.0,1234.0,31.0,19.0,488.0,11722.0,144337000.0,12313.34
788,66670,SANTA ANA UNIFIED,153.0,50678.0,1445.0,1613.0,124.0,70.0,422.0,54505.0,652972000.0,11980.04
789,10421,SANTA BARBARA COUNTY OFFICE OF EDUCATION,5.0,193.0,42.0,5.0,1.0,0.0,4.0,250.0,80195000.0,320780.0
790,76786,SANTA BARBARA UNIFIED,157.0,9029.0,5129.0,594.0,77.0,17.0,182.0,15185.0,80499000.0,5301.22
791,10439,SANTA CLARA COUNTY OFFICE OF EDUCATION,326.0,6706.0,1301.0,2028.0,44.0,35.0,603.0,11043.0,329804000.0,29865.44
792,72579,SANTA CLARA ELEMENTARY,0.0,24.0,26.0,1.0,0.0,0.0,5.0,56.0,408000.0,7285.71
793,69674,SANTA CLARA UNIFIED,446.0,5391.0,3202.0,5350.0,85.0,98.0,795.0,15367.0,151278000.0,9844.34
794,69815,SANTA CRUZ CITY ELEMENTARY,36.0,844.0,1110.0,108.0,5.0,10.0,93.0,2206.0,0.0,0.0
795,69823,SANTA CRUZ CITY HIGH,58.0,1706.0,2415.0,167.0,21.0,14.0,201.0,4582.0,0.0,0.0
796,10447,SANTA CRUZ COUNTY OFFICE OF EDUCATION,11.0,458.0,667.0,35.0,8.0,0.0,68.0,1247.0,59262000.0,47523.66
797,69310,SANTA MARIA JOINT UNION HIGH,80.0,6599.0,780.0,248.0,23.0,11.0,117.0,7858.0,73163000.0,9310.64
798,69120,SANTA MARIA-BONITA,71.0,15869.0,519.0,321.0,30.0,6.0,52.0,16868.0,192311000.0,11400.94
799,64980,SANTA MONICA-MALIBU UNIFIED,734.0,3266.0,5549.0,721.0,28.0,18.0,689.0,11005.0,123351000.0,11208.63
800,76828,SANTA PAULA UNIFIED,6.0,5223.0,193.0,13.0,5.0,3.0,11.0,5454.0,69187000.0,12685.55
801,66191,SANTA RITA UNION ELEMENTARY,24.0,3047.0,329.0,78.0,5.0,8.0,28.0,3519.0,33253000.0,9449.56
802,70912,SANTA ROSA ELEMENTARY,94.0,3286.0,1392.0,259.0,36.0,13.0,235.0,5315.0,0.0,0.0
803,70920,SANTA ROSA HIGH,252.0,5362.0,4098.0,739.0,93.0,55.0,664.0,11263.0,0.0,0.0
804,69328,SANTA YNEZ VALLEY UNION HIGH,2.0,408.0,492.0,5.0,10.0,0.0,39.0,956.0,3234000.0,3382.85
805,68361,SANTEE,107.0,1896.0,3759.0,224.0,30.0,20.0,725.0,6761.0,62649000.0,9266.23
806,69682,SARATOGA UNION ELEMENTARY,3.0,71.0,565.0,1073.0,1.0,2.0,191.0,1906.0,6866000.0,3602.31
807,72108,SAUCELITO ELEMENTARY,2.0,62.0,28.0,0.0,0.0,0.0,2.0,94.0,1014000.0,10787.23
808,64998,SAUGUS UNION,368.0,3190.0,4654.0,1381.0,24.0,22.0,261.0,9900.0,125123000.0,12638.69
809,65474,SAUSALITO MARIN CITY,119.0,154.0,176.0,58.0,2.0,0.0,49.0,558.0,5981000.0,10718.64
810,66696,SAVANNA ELEMENTARY,82.0,1374.0,307.0,445.0,4.0,15.0,104.0,2331.0,22585000.0,9688.97
811,76968,SBE - ACADEMIA AVANCE CHARTER,0.0,376.0,0.0,0.0,0.0,0.0,21.0,397.0,0.0,0.0
812,77032,SBE - AUDEO CHARTER II,6.0,173.0,89.0,3.0,0.0,2.0,14.0,287.0,0.0,0.0
813,76547,SBE - BARACK OBAMA CHARTER,211.0,134.0,3.0,1.0,1.0,0.0,5.0,355.0,0.0,0.0
814,76943,SBE - BAYPOINT PREPARATORY ACADEMY,25.0,171.0,164.0,12.0,1.0,1.0,9.0,383.0,0.0,0.0
815,76497,SBE - LIFELINE EDUCATION CHARTER,89.0,537.0,0.0,0.0,0.0,0.0,2.0,628.0,0.0,0.0
816,76893,SBE - MAGNOLIA SCIENCE ACADEMY SANTA ANA,4.0,529.0,74.0,16.0,4.0,0.0,12.0,639.0,0.0,0.0
817,75663,SBE - NEW WEST CHARTER,55.0,214.0,418.0,66.0,2.0,3.0,67.0,825.0,7699000.0,9332.12
818,76950,SBE - OLIVE GROVE CHARTER,4.0,157.0,117.0,3.0,2.0,1.0,14.0,298.0,0.0,0.0
819,76935,SBE - PARAMOUNT COLLEGIATE ACADEMY,9.0,26.0,44.0,2.0,0.0,0.0,1.0,82.0,0.0,0.0
820,75630,SBE - RIDGECREST CHARTER,7.0,146.0,275.0,15.0,3.0,0.0,29.0,475.0,0.0,0.0
821,75697,SBE - THE SCHOOL OF ARTS AND ENTERPRISE,35.0,543.0,90.0,7.0,3.0,6.0,61.0,745.0,0.0,0.0
822,76901,SBE - THRIVE PUBLIC,64.0,181.0,141.0,22.0,4.0,3.0,46.0,461.0,0.0,0.0
823,63024,SCOTIA UNION ELEMENTARY,0.0,23.0,155.0,2.0,5.0,1.0,25.0,211.0,2146000.0,10170.62
824,76455,SCOTT VALLEY UNIFIED,6.0,81.0,411.0,13.0,82.0,2.0,60.0,655.0,7615000.0,11625.95
825,75432,SCOTTS VALLEY UNIFIED,8.0,346.0,1784.0,101.0,9.0,2.0,255.0,2505.0,14388000.0,5743.71
826,70938,SEBASTOPOL UNION ELEMENTARY,6.0,255.0,562.0,11.0,5.0,3.0,86.0,928.0,7287000.0,7852.37
827,63222,SEELEY UNION ELEMENTARY,3.0,299.0,21.0,3.0,2.0,0.0,7.0,335.0,4382000.0,13080.6
828,70458,SEIAD ELEMENTARY,0.0,6.0,5.0,0.0,4.0,1.0,3.0,19.0,405000.0,21315.79
829,62430,SELMA UNIFIED,16.0,5824.0,316.0,276.0,11.0,5.0,11.0,6459.0,82819000.0,12822.26
830,63768,SEMITROPIC ELEMENTARY,2.0,216.0,7.0,0.0,1.0,0.0,0.0,226.0,2854000.0,12628.32
831,72116,SEQUOIA UNION ELEMENTARY,0.0,108.0,212.0,2.0,2.0,1.0,8.0,333.0,3082000.0,9255.26
832,69062,SEQUOIA UNION HIGH,255.0,4578.0,3515.0,876.0,35.0,241.0,411.0,9911.0,56556000.0,5706.39
833,64188,SHAFFER UNION ELEMENTARY,0.0,58.0,103.0,2.0,9.0,1.0,7.0,180.0,1857000.0,10316.67
834,68833,SHANDON JOINT UNIFIED,4.0,226.0,63.0,0.0,0.0,1.0,16.0,310.0,3281000.0,10583.87
835,10454,SHASTA COUNTY OFFICE OF EDUCATION,3.0,73.0,432.0,7.0,15.0,1.0,61.0,592.0,63814000.0,107793.92
836,70128,SHASTA UNION ELEMENTARY,2.0,15.0,119.0,0.0,12.0,2.0,1.0,151.0,1102000.0,7298.01
837,70136,SHASTA UNION HIGH,103.0,776.0,4009.0,310.0,198.0,16.0,319.0,5731.0,52543000.0,9168.21
838,71274,SHILOH ELEMENTARY,0.0,99.0,43.0,1.0,0.0,0.0,15.0,158.0,1788000.0,11316.46
839,73361,SHORELINE UNIFIED,1.0,294.0,194.0,8.0,6.0,4.0,8.0,515.0,7074000.0,13735.92
840,73742,SIERRA SANDS UNIFIED,288.0,1335.0,2935.0,221.0,75.0,38.0,128.0,5020.0,89959000.0,17920.12
841,75275,SIERRA UNIFIED,12.0,215.0,859.0,26.0,199.0,0.0,12.0,1323.0,9764000.0,7380.2
842,70177,SIERRA-PLUMAS JOINT UNIFIED,2.0,55.0,300.0,1.0,0.0,0.0,18.0,376.0,3414000.0,9079.79
843,61986,SILVER FORK ELEMENTARY,0.0,1.0,10.0,0.0,0.0,0.0,0.0,11.0,268000.0,24363.64
844,73890,SILVER VALLEY UNIFIED,242.0,739.0,862.0,64.0,24.0,51.0,186.0,2168.0,31350000.0,14460.33
845,72603,SIMI VALLEY UNIFIED,171.0,6147.0,8351.0,1689.0,36.0,23.0,732.0,17149.0,145536000.0,8486.56
846,10470,SISKIYOU COUNTY OFFICE OF EDUCATION,3.0,77.0,352.0,5.0,22.0,0.0,71.0,530.0,21641000.0,40832.08
847,70466,SISKIYOU UNION HIGH,14.0,102.0,337.0,17.0,33.0,5.0,47.0,555.0,6571000.0,11839.64
848,65839,SNELLING-MERCED FALLS UNION ELEMENTARY,1.0,34.0,38.0,0.0,1.0,0.0,2.0,76.0,685000.0,9013.16
849,73957,SNOWLINE JOINT UNIFIED,481.0,3455.0,2908.0,162.0,41.0,28.0,573.0,7648.0,81748000.0,10688.81
850,68387,SOLANA BEACH ELEMENTARY,10.0,423.0,1598.0,759.0,3.0,1.0,218.0,3012.0,16792000.0,5575.03
851,10488,SOLANO COUNTY OFFICE OF EDUCATION,55.0,117.0,85.0,27.0,2.0,2.0,29.0,317.0,65374000.0,206227.13
852,75440,SOLEDAD UNIFIED,19.0,4624.0,103.0,78.0,8.0,8.0,16.0,4856.0,61686000.0,12703.05
853,69336,SOLVANG ELEMENTARY,6.0,313.0,245.0,7.0,4.0,0.0,16.0,591.0,3325000.0,5626.06
854,72611,SOMIS UNION,0.0,164.0,81.0,3.0,0.0,0.0,11.0,259.0,1349000.0,5208.49
855,10496,SONOMA COUNTY OFFICE OF EDUCATION,28.0,218.0,147.0,7.0,20.0,1.0,8.0,429.0,123109000.0,286967.37
856,70953,SONOMA VALLEY UNIFIED,24.0,2615.0,1669.0,105.0,18.0,9.0,122.0,4562.0,25945000.0,5687.2
857,72371,SONORA ELEMENTARY,3.0,116.0,531.0,34.0,6.0,2.0,36.0,728.0,5137000.0,7056.32
858,72389,SONORA UNION HIGH,10.0,211.0,769.0,17.0,16.0,4.0,41.0,1068.0,6070000.0,5683.52
859,69849,SOQUEL UNION ELEMENTARY,12.0,631.0,1151.0,47.0,9.0,3.0,128.0,1981.0,13470000.0,6799.6
860,72397,SOULSBYVILLE ELEMENTARY,2.0,82.0,371.0,1.0,5.0,0.0,33.0,494.0,3874000.0,7842.11
861,68395,SOUTH BAY UNION,207.0,6137.0,503.0,295.0,12.0,30.0,193.0,7377.0,93379000.0,12658.13
862,63032,SOUTH BAY UNION ELEMENTARY,6.0,166.0,578.0,23.0,42.0,3.0,97.0,915.0,10397000.0,11362.84
863,63784,SOUTH FORK UNION,0.0,43.0,180.0,0.0,9.0,0.0,9.0,241.0,2876000.0,11933.61
864,66068,SOUTH MONTEREY COUNTY JOINT UNION HIGH,10.0,2102.0,115.0,14.0,10.0,0.0,22.0,2273.0,27322000.0,12020.24
865,65029,SOUTH PASADENA UNIFIED,86.0,1148.0,1348.0,1679.0,12.0,5.0,501.0,4779.0,47583000.0,9956.69
866,69070,SOUTH SAN FRANCISCO UNIFIED,128.0,4270.0,586.0,3178.0,18.0,187.0,512.0,8879.0,50811000.0,5722.6
867,65037,SOUTH WHITTIER ELEMENTARY,19.0,2753.0,89.0,45.0,4.0,4.0,4.0,2918.0,35212000.0,12067.17
868,63040,SOUTHERN HUMBOLDT JOINT UNIFIED,8.0,112.0,559.0,8.0,12.0,7.0,41.0,747.0,6369000.0,8526.1
869,63776,SOUTHERN KERN UNIFIED,348.0,1794.0,1081.0,53.0,29.0,12.0,89.0,3406.0,35988000.0,10566.06
870,73833,SOUTHERN TRINITY JOINT UNIFIED,0.0,6.0,86.0,0.0,2.0,0.0,9.0,103.0,2230000.0,21650.49
871,67553,SOUTHSIDE ELEMENTARY,2.0,131.0,43.0,0.0,0.0,0.0,60.0,236.0,1630000.0,6906.78
872,68403,SPENCER VALLEY ELEMENTARY,193.0,709.0,1004.0,112.0,19.0,17.0,222.0,2276.0,4030000.0,1770.65
873,66225,SPRECKELS UNION ELEMENTARY,4.0,305.0,525.0,57.0,2.0,0.0,80.0,973.0,6870000.0,7060.64
874,72132,SPRINGVILLE UNION ELEMENTARY,0.0,65.0,234.0,7.0,10.0,0.0,1.0,317.0,2230000.0,7034.7
875,63792,STANDARD ELEMENTARY,32.0,914.0,2033.0,35.0,40.0,0.0,76.0,3130.0,30617000.0,9781.79
876,10504,STANISLAUS COUNTY OFFICE OF EDUCATION,101.0,1205.0,877.0,64.0,24.0,13.0,97.0,2381.0,212210000.0,89126.42
877,71282,STANISLAUS UNION ELEMENTARY,201.0,1775.0,746.0,399.0,28.0,36.0,273.0,3458.0,31090000.0,8990.75
878,68676,STOCKTON UNIFIED,4453.0,26645.0,2472.0,5326.0,765.0,213.0,1107.0,40981.0,479084000.0,11690.39
879,72140,STONE CORRAL ELEMENTARY,9.0,568.0,122.0,13.0,4.0,1.0,24.0,741.0,10489000.0,14155.2
880,62653,STONY CREEK JOINT UNIFIED,0.0,7.0,40.0,0.0,43.0,0.0,7.0,97.0,1866000.0,19237.11
881,72157,STRATHMORE UNION ELEMENTARY,1.0,719.0,76.0,0.0,16.0,3.0,2.0,817.0,10213000.0,12500.61
882,65045,SULPHUR SPRINGS UNION,291.0,2909.0,1425.0,507.0,15.0,8.0,215.0,5370.0,48464000.0,9024.95
883,72405,SUMMERVILLE ELEMENTARY,3.0,71.0,253.0,0.0,33.0,0.0,42.0,402.0,3681000.0,9156.72
884,72413,SUMMERVILLE UNION HIGH,16.0,159.0,791.0,9.0,44.0,2.0,35.0,1056.0,10044000.0,9511.36
885,72173,SUNDALE UNION ELEMENTARY,3.0,389.0,419.0,6.0,3.0,0.0,1.0,821.0,7674000.0,9347.14
886,72181,SUNNYSIDE UNION ELEMENTARY,0.0,321.0,33.0,1.0,0.0,0.0,0.0,355.0,4580000.0,12901.41
887,69690,SUNNYVALE,88.0,1969.0,1455.0,2142.0,146.0,54.0,682.0,6536.0,33937000.0,5192.32
888,75119,SUNOL GLEN UNIFIED,3.0,57.0,123.0,55.0,1.0,3.0,36.0,278.0,2004000.0,7208.63
889,65896,SURPRISE VALLEY JOINT UNIFIED,0.0,26.0,72.0,1.0,16.0,0.0,1.0,116.0,1712000.0,14758.62
890,64196,SUSANVILLE ELEMENTARY,15.0,261.0,604.0,25.0,53.0,50.0,88.0,1096.0,9087000.0,8291.06
891,10512,SUTTER COUNTY OFFICE OF EDUCATION,10.0,177.0,179.0,30.0,6.0,1.0,24.0,427.0,44281000.0,103702.58
892,71449,SUTTER UNION HIGH,4.0,198.0,492.0,22.0,17.0,0.0,43.0,776.0,6609000.0,8516.75
893,68411,SWEETWATER UNION HIGH,1057.0,31293.0,2322.0,3899.0,61.0,136.0,1903.0,40671.0,461617000.0,11350.03
894,71290,SYLVAN UNION ELEMENTARY,347.0,3500.0,3095.0,769.0,32.0,96.0,560.0,8399.0,73520000.0,8753.42
895,63800,TAFT CITY,17.0,1213.0,887.0,15.0,9.0,7.0,68.0,2216.0,25907000.0,11690.88
896,63818,TAFT UNION HIGH,8.0,454.0,520.0,5.0,18.0,9.0,20.0,1034.0,20958000.0,20268.86
897,66944,TAHOE-TRUCKEE UNIFIED,11.0,1532.0,2453.0,31.0,19.0,0.0,102.0,4148.0,45517000.0,10973.24
898,65482,TAMALPAIS UNION HIGH,110.0,530.0,3412.0,331.0,14.0,20.0,272.0,4689.0,29174000.0,6221.8
899,63826,TEHACHAPI UNIFIED,70.0,1402.0,2753.0,67.0,32.0,5.0,67.0,4396.0,38329000.0,8719.06
900,10520,TEHAMA COUNTY DEPARTMENT OF EDUCATION,3.0,44.0,147.0,0.0,0.0,0.0,14.0,208.0,25892000.0,124480.77
901,75192,TEMECULA VALLEY UNIFIED,998.0,10000.0,12981.0,2575.0,187.0,74.0,3030.0,29845.0,242257000.0,8117.17
902,65052,TEMPLE CITY UNIFIED,34.0,1227.0,508.0,3916.0,9.0,7.0,180.0,5881.0,53974000.0,9177.69
903,68841,TEMPLETON UNIFIED,11.0,512.0,1682.0,44.0,14.0,5.0,120.0,2388.0,16579000.0,6942.63
904,72199,TERRA BELLA UNION ELEMENTARY,3.0,875.0,24.0,8.0,2.0,0.0,2.0,914.0,11348000.0,12415.75
905,61549,THERMALITO UNION ELEMENTARY,32.0,196.0,647.0,421.0,66.0,6.0,125.0,1493.0,20512000.0,13738.78
906,72207,THREE RIVERS UNION ELEMENTARY,0.0,31.0,88.0,5.0,1.0,0.0,15.0,140.0,712000.0,5085.71
907,72215,TIPTON ELEMENTARY,3.0,509.0,12.0,6.0,1.0,0.0,33.0,564.0,6972000.0,12361.7
908,65060,TORRANCE UNIFIED,883.0,6949.0,5320.0,8205.0,46.0,120.0,2121.0,23644.0,202580000.0,8567.92
909,75499,TRACY JOINT UNIFIED,1033.0,8294.0,3603.0,2681.0,49.0,157.0,609.0,16426.0,152990000.0,9313.89
910,72223,TRAVER JOINT ELEMENTARY,0.0,200.0,9.0,6.0,0.0,0.0,1.0,216.0,2734000.0,12657.41
911,70565,TRAVIS UNIFIED,626.0,1297.0,2130.0,824.0,33.0,71.0,583.0,5564.0,57664000.0,10363.77
912,67561,TRES PINOS UNION ELEMENTARY,0.0,34.0,86.0,0.0,1.0,0.0,3.0,124.0,763000.0,6153.23
913,63057,TRINIDAD UNION ELEMENTARY,0.0,18.0,143.0,1.0,15.0,0.0,21.0,198.0,1748000.0,8828.28
914,76513,TRINITY ALPS UNIFIED,4.0,72.0,545.0,9.0,48.0,1.0,66.0,745.0,6942000.0,9318.12
915,71761,TRINITY CENTER ELEMENTARY,0.0,1.0,13.0,0.0,0.0,0.0,0.0,14.0,264000.0,18857.14
916,67892,TRONA JOINT UNIFIED,0.0,0.0,0.0,0.0,0.0,0.0,0.0,0.0,8846000.0,inf
917,72231,TULARE CITY,285.0,7411.0,1533.0,195.0,30.0,16.0,95.0,9565.0,111889000.0,11697.75
918,10546,TULARE COUNTY OFFICE OF EDUCATION,36.0,1362.0,837.0,54.0,16.0,6.0,69.0,2380.0,221534000.0,93081.51
919,72249,TULARE JOINT UNION HIGH,175.0,4060.0,1071.0,84.0,34.0,9.0,53.0,5486.0,67894000.0,12375.87
920,73593,TULELAKE BASIN JOINT UNIFIED,2.0,345.0,92.0,0.0,1.0,0.0,9.0,449.0,5207000.0,11596.88
921,75739,TURLOCK UNIFIED,296.0,8018.0,4604.0,743.0,100.0,81.0,327.0,14169.0,150618000.0,10630.11
922,73643,TUSTIN UNIFIED,457.0,11275.0,6463.0,4949.0,44.0,78.0,863.0,24129.0,184181000.0,7633.18
923,72421,TWAIN HARTE,0.0,37.0,203.0,2.0,3.0,3.0,6.0,254.0,1579000.0,6216.54
924,70961,TWIN HILLS UNION ELEMENTARY,8.0,207.0,882.0,13.0,4.0,1.0,137.0,1252.0,9752000.0,7789.14
925,66415,TWIN RIDGES ELEMENTARY,0.0,13.0,62.0,0.0,0.0,0.0,20.0,95.0,932000.0,9810.53
926,76505,TWIN RIVERS UNIFIED,4454.0,13404.0,8778.0,2873.0,241.0,454.0,1775.0,31979.0,391863000.0,12253.76
927,70979,TWO ROCK UNION,1.0,73.0,75.0,1.0,0.0,3.0,13.0,166.0,2104000.0,12674.7
928,65615,UKIAH UNIFIED,58.0,3264.0,2599.0,94.0,370.0,8.0,186.0,6579.0,64863000.0,9859.1
929,69708,UNION ELEMENTARY,70.0,927.0,2749.0,1421.0,14.0,16.0,554.0,5751.0,31053000.0,5399.58
930,66407,UNION HILL ELEMENTARY,1.0,50.0,556.0,6.0,5.0,3.0,48.0,669.0,6364000.0,9512.71
931,65516,UNION JOINT ELEMENTARY,0.0,3.0,9.0,0.0,0.0,0.0,0.0,12.0,117000.0,9750.0
932,75069,UPLAND UNIFIED,895.0,6117.0,2868.0,775.0,48.0,32.0,293.0,11028.0,104691000.0,9493.2
933,76976,UPPER LAKE UNIFIED,7.0,257.0,438.0,10.0,84.0,0.0,38.0,834.0,9756000.0,11697.84
934,70573,VACAVILLE UNIFIED,780.0,4707.0,5478.0,701.0,85.0,90.0,1111.0,12952.0,114987000.0,8877.93
935,75242,VAL VERDE UNIFIED,2893.0,14876.0,1014.0,558.0,76.0,81.0,413.0,19911.0,430096000.0,21600.92
936,65078,VALLE LINDO ELEMENTARY,0.0,1054.0,10.0,52.0,0.0,0.0,1.0,1117.0,13347000.0,11948.97
937,61580,VALLECITO UNION,1.0,100.0,440.0,6.0,8.0,1.0,36.0,592.0,2210000.0,3733.11
938,68437,VALLECITOS ELEMENTARY,2.0,260.0,67.0,2.0,4.0,3.0,3.0,341.0,2614000.0,7665.69
939,70581,VALLEJO CITY UNIFIED,4069.0,5850.0,1090.0,2539.0,60.0,304.0,642.0,14554.0,148922000.0,10232.38
940,75614,VALLEY CENTER-PAUMA UNIFIED,21.0,2120.0,1320.0,60.0,372.0,8.0,168.0,4069.0,33781000.0,8302.04
941,71324,VALLEY HOME JOINT ELEMENTARY,2.0,74.0,92.0,2.0,0.0,0.0,5.0,175.0,1279000.0,7308.57
942,10561,VENTURA COUNTY OFFICE OF EDUCATION,46.0,1390.0,1390.0,86.0,16.0,4.0,147.0,3079.0,234771000.0,76249.11
943,72652,VENTURA UNIFIED,198.0,8791.0,6675.0,560.0,65.0,32.0,660.0,16981.0,147075000.0,8661.15
944,67918,VICTOR ELEMENTARY,2457.0,7586.0,1887.0,321.0,138.0,72.0,290.0,12751.0,144266000.0,11314.09
945,67934,VICTOR VALLEY UNION HIGH,2480.0,8020.0,2113.0,369.0,158.0,84.0,819.0,14043.0,130960000.0,9325.64
946,63834,VINELAND ELEMENTARY,0.0,711.0,8.0,2.0,0.0,0.0,5.0,726.0,10189000.0,14034.44
947,72256,VISALIA UNIFIED,441.0,19617.0,6169.0,1416.0,231.0,41.0,1017.0,28932.0,311104000.0,10752.94
948,69344,VISTA DEL MAR UNION,0.0,36.0,24.0,3.0,4.0,0.0,31.0,98.0,851000.0,8683.67
949,68452,VISTA UNIFIED,720.0,15939.0,6060.0,917.0,96.0,209.0,1110.0,25051.0,223324000.0,8914.77
950,61812,WALNUT CREEK ELEMENTARY,86.0,492.0,2089.0,623.0,4.0,7.0,288.0,3589.0,15753000.0,4389.24
951,73460,WALNUT VALLEY UNIFIED,291.0,3410.0,1140.0,9110.0,11.0,80.0,477.0,14519.0,132669000.0,9137.61
952,75416,WARNER UNIFIED,36.0,435.0,819.0,113.0,131.0,1.0,198.0,1733.0,5320000.0,3069.82
953,63842,WASCO UNION ELEMENTARY,69.0,3380.0,125.0,22.0,2.0,3.0,9.0,3610.0,47946000.0,13281.44
954,63859,WASCO UNION HIGH,29.0,1712.0,102.0,5.0,1.0,1.0,5.0,1855.0,18916000.0,10197.3
955,62513,WASHINGTON COLONY ELEMENTARY,4.0,378.0,36.0,6.0,1.0,0.0,3.0,428.0,5429000.0,12684.58
956,76778,WASHINGTON UNIFIED,454.0,3554.0,2444.0,1165.0,69.0,106.0,291.0,8083.0,91821000.0,11359.77
957,76778,WASHINGTON UNIFIED,235.0,2200.0,227.0,245.0,48.0,0.0,43.0,2998.0,36536000.0,12186.79
958,66233,WASHINGTON UNION ELEMENTARY,3.0,190.0,562.0,78.0,1.0,3.0,51.0,888.0,4500000.0,5067.57
959,75572,WATERFORD UNIFIED,78.0,1766.0,1606.0,193.0,33.0,12.0,288.0,3976.0,25818000.0,6493.46
960,70995,WAUGH ELEMENTARY,15.0,206.0,529.0,63.0,2.0,1.0,93.0,909.0,7477000.0,8225.52
961,72264,WAUKENA JOINT UNION ELEMENTARY,1.0,207.0,31.0,1.0,0.0,0.0,0.0,240.0,2954000.0,12308.33
962,65862,WEAVER UNION,132.0,1928.0,296.0,426.0,13.0,11.0,60.0,2866.0,34322000.0,11975.58
963,70482,WEED UNION ELEMENTARY,18.0,66.0,136.0,14.0,5.0,0.0,30.0,269.0,2501000.0,9297.4
964,61796,WEST CONTRA COSTA UNIFIED,5186.0,16935.0,3138.0,4674.0,69.0,205.0,929.0,31136.0,309360000.0,9935.77
965,65094,WEST COVINA UNIFIED,760.0,8712.0,1302.0,1681.0,22.0,41.0,284.0,12802.0,122909000.0,9600.77
966,62539,WEST PARK ELEMENTARY,12.0,518.0,58.0,36.0,6.0,0.0,8.0,638.0,7881000.0,12352.66
967,71001,WEST SIDE UNION ELEMENTARY,0.0,62.0,110.0,0.0,0.0,0.0,7.0,179.0,865000.0,4832.4
968,70607,WEST SONOMA COUNTY UNION HIGH,25.0,405.0,1374.0,64.0,17.0,4.0,55.0,1944.0,17294000.0,8896.09
969,66951,WESTERN PLACER UNIFIED,232.0,2334.0,5388.0,506.0,106.0,60.0,394.0,9020.0,58735000.0,6511.64
970,66746,WESTMINSTER,63.0,4081.0,1202.0,3667.0,30.0,59.0,236.0,9338.0,107186000.0,11478.48
971,63230,WESTMORLAND UNION ELEMENTARY,0.0,363.0,17.0,0.0,0.0,0.0,0.0,380.0,4723000.0,12428.95
972,62547,WESTSIDE ELEMENTARY,56.0,677.0,354.0,30.0,9.0,0.0,53.0,1179.0,13671000.0,11595.42
973,65102,WESTSIDE UNION ELEMENTARY,986.0,4167.0,3206.0,401.0,20.0,12.0,510.0,9302.0,83599000.0,8987.21
974,64204,WESTWOOD UNIFIED,5.0,54.0,248.0,4.0,17.0,0.0,18.0,346.0,2746000.0,7936.42
975,72751,WHEATLAND,63.0,299.0,781.0,47.0,17.0,10.0,117.0,1334.0,16268000.0,12194.9
976,72769,WHEATLAND UNION HIGH,25.0,223.0,364.0,21.0,9.0,2.0,95.0,739.0,7190000.0,9729.36
977,70169,WHITMORE UNION ELEMENTARY,3.0,25.0,159.0,1.0,1.0,1.0,26.0,216.0,2599000.0,12032.41
978,65110,WHITTIER CITY ELEMENTARY,40.0,5574.0,230.0,47.0,12.0,7.0,165.0,6075.0,64739000.0,10656.63
979,65128,WHITTIER UNION HIGH,105.0,10604.0,968.0,256.0,21.0,16.0,51.0,12021.0,163000000.0,13559.6
980,65136,WILLIAM S. HART UNION HIGH,1275.0,10623.0,10383.0,2856.0,83.0,34.0,1512.0,26766.0,239609000.0,8951.99
981,61622,WILLIAMS UNIFIED,4.0,1284.0,71.0,15.0,2.0,1.0,5.0,1382.0,13664000.0,9887.12
982,65623,WILLITS UNIFIED,13.0,535.0,1056.0,30.0,143.0,2.0,105.0,1884.0,17217000.0,9138.54
983,70490,WILLOW CREEK ELEMENTARY,0.0,2.0,25.0,0.0,3.0,0.0,9.0,39.0,605000.0,15512.82
984,67579,WILLOW GROVE UNION ELEMENTARY,0.0,18.0,1.0,0.0,0.0,0.0,0.0,19.0,80000.0,4210.53
985,62661,WILLOWS UNIFIED,8.0,707.0,565.0,74.0,36.0,5.0,29.0,1424.0,12356000.0,8676.97
986,71019,WILMAR UNION ELEMENTARY,0.0,40.0,179.0,2.0,2.0,2.0,8.0,233.0,1226000.0,5261.8
987,65151,WILSONA ELEMENTARY,145.0,896.0,205.0,4.0,15.0,0.0,50.0,1315.0,16221000.0,12335.36
988,75358,WINDSOR UNIFIED,33.0,2648.0,2253.0,94.0,56.0,17.0,122.0,5223.0,41561000.0,7957.3
989,71456,WINSHIP-ROBBINS,2.0,245.0,395.0,20.0,4.0,0.0,74.0,740.0,2489000.0,3363.51
990,72702,WINTERS JOINT UNIFIED,23.0,1027.0,473.0,19.0,4.0,2.0,7.0,1555.0,16339000.0,10507.4
991,65870,WINTON,15.0,1692.0,144.0,76.0,10.0,0.0,5.0,1942.0,25475000.0,13117.92
992,76869,WISEBURN UNIFIED,616.0,2227.0,834.0,215.0,9.0,23.0,377.0,4301.0,66336000.0,15423.39
993,76794,WOODLAKE UNIFIED,6.0,1999.0,158.0,17.0,6.0,0.0,6.0,2192.0,30840000.0,14069.34
994,72710,WOODLAND JOINT UNIFIED,139.0,6843.0,2243.0,556.0,54.0,36.0,206.0,10077.0,97180000.0,9643.74
995,69088,WOODSIDE ELEMENTARY,9.0,45.0,283.0,15.0,0.0,7.0,41.0,400.0,14636000.0,36590.0
996,72298,WOODVILLE UNION ELEMENTARY,0.0,426.0,9.0,1.0,0.0,0.0,0.0,436.0,6337000.0,14534.4
997,71035,WRIGHT ELEMENTARY,47.0,1039.0,314.0,129.0,18.0,4.0,42.0,1593.0,15815000.0,9927.81
998,10579,YOLO COUNTY OFFICE OF EDUCATION,9.0,156.0,358.0,8.0,1.0,2.0,6.0,540.0,42918000.0,79477.78
999,76414,YOSEMITE UNIFIED,13.0,411.0,1515.0,33.0,64.0,1.0,151.0,2188.0,17219000.0,7869.74
1000,70508,YREKA UNION ELEMENTARY,7.0,150.0,574.0,25.0,149.0,0.0,54.0,959.0,9436000.0,9839.42
1001,70516,YREKA UNION HIGH,5.0,98.0,424.0,8.0,36.0,0.0,63.0,634.0,6836000.0,10782.33
1002,71464,YUBA CITY UNIFIED,244.0,5869.0,3785.0,2538.0,86.0,44.0,718.0,13284.0,137279000.0,10334.16
1003,10587,YUBA COUNTY OFFICE OF EDUCATION,18.0,165.0,287.0,15.0,20.0,2.0,59.0,566.0,29297000.0,51761.48
1004,67959,YUCAIPA-CALIMESA JOINT UNIFIED,153.0,4038.0,4720.0,190.0,42.0,19.0,807.0,9969.0,93604000.0,9389.51
